"time", "elapsed time", "level", "heartrate", "speed", "spm", "power", "distance", "cals"
"2021-03-29 00:45:55.172126", 3, 1, 0, 259, 17, 20, 6, 0.36176470588235293
"2021-03-29 00:45:58.063263", 6, 1, 0, 242, 21, 25, 13, 0.6673202614379086
"2021-03-29 00:46:05.250978", 13, 1, 0, 300, 0, 13, 21, 0.6673202614379086
"2021-03-29 00:46:20.680103", 15, 1, 0, 189, 27, 52, 28, 0.9629992737835875
"2021-03-29 00:46:22.772273", 18, 1, 0, 174, 29, 66, 34, 1.2658728370019783
"2021-03-29 00:46:25.072679", 20, 1, 0, 189, 26, 52, 40, 1.573565144694286
"2021-03-29 00:46:27.276642", 22, 1, 0, 200, 27, 44, 45, 1.851960206422681
"2021-03-29 00:46:30.471012", 25, 1, 0, 218, 19, 34, 52, 2.2168724871244354
"2021-03-29 00:46:32.675474", 27, 1, 0, 180, 27, 60, 59, 2.529218166136781
"2021-03-29 00:46:34.672071", 29, 1, 0, 180, 30, 60, 65, 2.8108848328034477
"2021-03-29 00:46:36.876129", 32, 1, 0, 171, 28, 70, 71, 3.132908642327257
"2021-03-29 00:46:38.968691", 34, 1, 0, 186, 28, 54, 77, 3.4227895947082096
"2021-03-29 00:46:41.076858", 36, 1, 0, 178, 29, 62, 82, 3.7181918935587843
"2021-03-29 00:46:43.376854", 38, 1, 0, 176, 27, 64, 89, 4.039796831830389
"2021-03-29 00:46:45.469442", 40, 1, 0, 172, 29, 69, 95, 4.3489922341292395
"2021-03-29 00:46:47.577922", 42, 1, 0, 177, 27, 63, 101, 4.668128036598375
"2021-03-29 00:46:49.877784", 45, 1, 0, 188, 27, 52, 107, 4.964424332894671
"2021-03-29 00:46:52.066252", 47, 1, 0, 177, 28, 63, 113, 5.272757666228005
"2021-03-29 00:46:54.174634", 49, 1, 0, 178, 28, 62, 119, 5.577519570989909
"2021-03-29 00:46:56.378638", 51, 1, 0, 183, 28, 57, 125, 5.873352904323243
"2021-03-29 00:46:58.567038", 53, 1, 0, 183, 27, 57, 131, 6.18076031173065
"2021-03-29 00:47:00.770966", 56, 1, 0, 176, 27, 64, 137, 6.501747966051638
"2021-03-29 00:47:03.071126", 58, 1, 0, 179, 26, 61, 143, 6.8293120686157405
"2021-03-29 00:47:05.275283", 60, 1, 0, 175, 28, 65, 150, 7.140621592425264
"2021-03-29 00:47:07.367628", 62, 1, 0, 168, 29, 74, 156, 7.459587109666643
"2021-03-29 00:47:09.572041", 64, 1, 0, 171, 27, 70, 162, 7.793537726950594
"2021-03-29 00:47:11.776088", 67, 1, 0, 180, 27, 60, 168, 8.10588340596294
"2021-03-29 00:47:13.868738", 69, 1, 0, 180, 28, 60, 174, 8.408264358343892
"2021-03-29 00:47:16.072757", 71, 1, 0, 175, 28, 65, 180, 8.720764358343892
"2021-03-29 00:47:18.276898", 73, 1, 0, 176, 27, 64, 186, 9.042369296615497
"2021-03-29 00:47:20.465410", 75, 1, 0, 179, 27, 61, 193, 9.357184111430312
"2021-03-29 00:47:22.877008", 78, 1, 0, 191, 25, 50, 199, 9.671850778096978
"2021-03-29 00:47:25.065461", 80, 1, 0, 188, 28, 53, 205, 9.95875554000174
"2021-03-29 00:47:27.365542", 82, 1, 0, 188, 25, 53, 211, 10.280088873335073
"2021-03-29 00:47:29.569637", 84, 1, 0, 193, 28, 48, 217, 10.557469825716025
"2021-03-29 00:47:31.773721", 87, 1, 0, 183, 27, 57, 222, 10.864259949172816
"2021-03-29 00:47:33.866311", 89, 1, 0, 177, 28, 64, 229, 11.173188520601387
"2021-03-29 00:47:36.181998", 91, 1, 0, 179, 26, 61, 235, 11.499470571883439
"2021-03-29 00:47:38.274420", 93, 1, 0, 170, 29, 71, 241, 11.812688962688037
"2021-03-29 00:47:40.574627", 95, 1, 0, 180, 26, 60, 247, 12.138329988329064
"2021-03-29 00:47:42.667085", 97, 1, 0, 174, 29, 66, 253, 12.441203551547455
"2021-03-29 00:47:44.967133", 100, 1, 0, 189, 26, 51, 260, 12.746972782316686
"2021-03-29 00:47:47.171377", 102, 1, 0, 179, 28, 61, 266, 13.049948972792876
"2021-03-29 00:47:49.375272", 104, 1, 0, 177, 27, 63, 272, 13.368467491311394
"2021-03-29 00:47:51.771327", 107, 1, 0, 186, 26, 55, 278, 13.681288004131908
"2021-03-29 00:47:54.071447", 109, 1, 0, 188, 26, 53, 284, 13.990262363106266
"2021-03-29 00:47:56.275472", 111, 1, 0, 178, 27, 62, 290, 14.306311745822315
"2021-03-29 00:47:58.575391", 113, 1, 0, 179, 27, 61, 297, 14.62112656063713
"2021-03-29 00:48:00.572028", 115, 1, 0, 173, 29, 68, 303, 14.928023112361268
"2021-03-29 00:48:02.680298", 117, 1, 0, 180, 29, 60, 309, 15.219402422706096
"2021-03-29 00:48:04.772861", 120, 1, 0, 175, 28, 65, 315, 15.53071194651562
"2021-03-29 00:48:06.865506", 122, 1, 0, 168, 29, 74, 321, 15.849102751113321
"2021-03-29 00:48:09.069543", 124, 1, 0, 178, 28, 62, 327, 16.15565037016094
"2021-03-29 00:48:11.177776", 126, 1, 0, 178, 28, 62, 333, 16.461007513018085
"2021-03-29 00:48:13.270370", 128, 1, 0, 180, 30, 60, 338, 16.74156306857364
"2021-03-29 00:48:15.570396", 130, 1, 0, 184, 25, 56, 345, 17.06956306857364
"2021-03-29 00:48:17.870374", 133, 1, 0, 178, 27, 62, 351, 17.386229735240306
"2021-03-29 00:48:20.266361", 135, 1, 0, 186, 25, 55, 357, 17.71156306857364
"2021-03-29 00:48:22.566508", 137, 1, 0, 185, 27, 55, 363, 18.014032204376107
"2021-03-29 00:48:24.674660", 139, 1, 0, 182, 28, 58, 369, 18.31105601389992
"2021-03-29 00:48:27.070444", 142, 1, 0, 187, 26, 53, 376, 18.620671398515302
"2021-03-29 00:48:29.274717", 144, 1, 0, 182, 27, 58, 382, 18.929930657774563
"2021-03-29 00:48:31.463160", 146, 1, 0, 183, 27, 57, 388, 19.23548621333012
"2021-03-29 00:48:33.778787", 149, 1, 0, 190, 26, 51, 394, 19.54125544409935
"2021-03-29 00:48:36.174817", 151, 1, 0, 183, 25, 57, 400, 19.872588777432682
"2021-03-29 00:48:38.363243", 153, 1, 0, 184, 27, 56, 406, 20.176909765087004
"2021-03-29 00:48:40.567397", 155, 1, 0, 190, 28, 51, 412, 20.459052622229862
"2021-03-29 00:48:42.771278", 158, 1, 0, 193, 27, 49, 418, 20.747324227168132
"2021-03-29 00:48:44.975544", 160, 1, 0, 184, 27, 56, 424, 21.05226249877307
"2021-03-29 00:48:47.179786", 162, 1, 0, 190, 28, 51, 430, 21.335000594011166
"2021-03-29 00:48:49.368261", 164, 1, 0, 197, 28, 46, 435, 21.607024403534975
"2021-03-29 00:48:51.476339", 166, 1, 0, 185, 29, 55, 441, 21.888058886293596
"2021-03-29 00:48:53.680305", 168, 1, 0, 178, 27, 62, 447, 22.20534283691088
"2021-03-29 00:48:55.869063", 171, 1, 0, 194, 27, 48, 453, 22.492997157898536
"2021-03-29 00:48:57.961566", 173, 1, 0, 196, 28, 46, 458, 22.76621144361282
"2021-03-29 00:49:00.165604", 175, 1, 0, 198, 28, 45, 463, 23.037044776946153
"2021-03-29 00:49:02.273866", 177, 1, 0, 200, 28, 44, 469, 23.305497157898536
"2021-03-29 00:49:04.462336", 179, 1, 0, 185, 28, 56, 474, 23.59835430075568
"2021-03-29 00:49:06.570446", 181, 1, 0, 191, 27, 50, 480, 23.89094689334827
"2021-03-29 00:49:08.678683", 183, 1, 0, 183, 30, 57, 486, 24.16705800445938
"2021-03-29 00:49:10.771158", 186, 1, 0, 183, 28, 57, 491, 24.462891337792716
"2021-03-29 00:49:12.879491", 188, 1, 0, 195, 28, 48, 497, 24.73908181398319
"2021-03-29 00:49:15.067938", 190, 1, 0, 184, 27, 56, 503, 25.042785517686895
"2021-03-29 00:49:17.064534", 192, 1, 0, 188, 29, 52, 508, 25.31864758665241
"2021-03-29 00:49:19.268658", 194, 1, 0, 187, 28, 53, 514, 25.60674282474765
"2021-03-29 00:49:21.376741", 196, 1, 0, 192, 29, 50, 519, 25.877432479920063
"2021-03-29 00:49:23.469342", 198, 1, 0, 185, 28, 55, 525, 26.16850390849149
"2021-03-29 00:49:25.466036", 200, 1, 0, 178, 29, 62, 531, 26.46275678205471
"2021-03-29 00:49:27.574175", 202, 1, 0, 187, 28, 53, 536, 26.75085202014995
"2021-03-29 00:49:29.778241", 205, 1, 0, 194, 28, 48, 542, 27.027042496340425
"2021-03-29 00:49:31.870852", 207, 1, 0, 199, 28, 45, 547, 27.29668535348328
"2021-03-29 00:49:33.867436", 209, 1, 0, 180, 31, 60, 553, 27.56926599864457
"2021-03-29 00:49:36.071616", 211, 1, 0, 188, 27, 53, 559, 27.8667968628421
"2021-03-29 00:49:38.275757", 213, 1, 0, 189, 28, 52, 564, 28.152511148556385
"2021-03-29 00:49:40.464167", 215, 1, 0, 196, 28, 46, 570, 28.42572543427067
"2021-03-29 00:49:42.572518", 217, 1, 0, 187, 29, 53, 575, 28.7038863538109
"2021-03-29 00:49:44.680599", 219, 1, 0, 190, 29, 51, 581, 28.976874859558027
"2021-03-29 00:49:46.773223", 222, 1, 0, 188, 29, 53, 586, 29.253311641167222
"2021-03-29 00:49:48.977261", 224, 1, 0, 198, 27, 45, 592, 29.534175838698086
"2021-03-29 00:49:51.069751", 226, 1, 0, 188, 29, 53, 598, 29.81118733295096
"2021-03-29 00:49:53.273672", 228, 1, 0, 206, 27, 40, 603, 30.082174987271948
"2021-03-29 00:49:55.462480", 230, 1, 0, 187, 28, 53, 609, 30.36967498727195
"2021-03-29 00:49:57.666525", 232, 1, 0, 186, 28, 55, 614, 30.66015117774814
"2021-03-29 00:49:59.870637", 235, 1, 0, 185, 27, 56, 620, 30.963854881451844
"2021-03-29 00:50:02.074796", 237, 1, 0, 187, 26, 54, 626, 31.274111291708255
"2021-03-29 00:50:04.374904", 239, 1, 0, 186, 27, 55, 632, 31.57534585960949
"2021-03-29 00:50:06.674930", 241, 1, 0, 196, 25, 47, 638, 31.882679192942824
"2021-03-29 00:50:08.959303", 244, 1, 0, 193, 27, 49, 644, 32.17218536578233
"2021-03-29 00:50:11.163436", 246, 1, 0, 192, 27, 49, 650, 32.46169153862184
"2021-03-29 00:50:13.463304", 248, 1, 0, 192, 26, 49, 656, 32.76233256426287
"2021-03-29 00:50:15.667444", 250, 1, 0, 199, 27, 44, 662, 33.041344909941884
"2021-03-29 00:50:17.871589", 253, 1, 0, 194, 28, 48, 667, 33.31753538613236
"2021-03-29 00:50:20.267504", 255, 1, 0, 193, 26, 48, 673, 33.61689436049134
"2021-03-29 00:50:22.375866", 257, 1, 0, 195, 28, 47, 679, 33.89248959858657
"2021-03-29 00:50:24.468276", 259, 1, 0, 187, 28, 54, 684, 34.181180074777046
"2021-03-29 00:50:26.672399", 261, 1, 0, 195, 27, 47, 690, 34.46698254391285
"2021-03-29 00:50:28.764900", 264, 1, 0, 190, 29, 51, 696, 34.73997104965998
"2021-03-29 00:50:30.969039", 266, 1, 0, 194, 27, 48, 701, 35.027625370647634
"2021-03-29 00:50:33.061678", 268, 1, 0, 184, 29, 56, 707, 35.31153341662465
"2021-03-29 00:50:35.265701", 270, 1, 0, 191, 28, 50, 713, 35.59248579757703
"2021-03-29 00:50:37.373983", 272, 1, 0, 190, 29, 51, 718, 35.865474303324156
"2021-03-29 00:50:39.370530", 274, 1, 0, 192, 29, 49, 724, 36.13558924585289
"2021-03-29 00:50:41.574668", 276, 1, 0, 192, 28, 50, 729, 36.415351150614796
"2021-03-29 00:50:43.763264", 279, 1, 0, 182, 28, 58, 735, 36.71297019823385
"2021-03-29 00:50:46.063159", 281, 1, 0, 185, 26, 55, 741, 37.02707276233641
"2021-03-29 00:50:48.075299", 283, 1, 0, 190, 29, 51, 747, 37.300635980727215
"2021-03-29 00:50:50.375521", 285, 1, 0, 189, 27, 52, 752, 37.59693227702351
"2021-03-29 00:50:52.468032", 287, 1, 0, 192, 28, 49, 758, 37.87669418178542
"2021-03-29 00:50:54.672151", 289, 1, 0, 190, 28, 51, 764, 38.160622753213985
"2021-03-29 00:50:56.972134", 292, 1, 0, 190, 26, 51, 770, 38.46510993270117
"2021-03-29 00:50:59.176293", 294, 1, 0, 187, 27, 54, 776, 38.76449264875055
"2021-03-29 00:51:01.364775", 296, 1, 0, 182, 27, 58, 782, 39.073134624059186
"2021-03-29 00:51:03.568900", 298, 1, 0, 182, 29, 58, 787, 39.361065658541946
"2021-03-29 00:51:05.677092", 300, 1, 0, 187, 28, 53, 793, 39.649160896637184
"2021-03-29 00:51:07.865418", 303, 1, 0, 187, 27, 54, 799, 39.948543612686564
"2021-03-29 00:51:10.069617", 305, 1, 0, 181, 27, 59, 805, 40.259654723797674
"2021-03-29 00:51:12.369459", 307, 1, 0, 186, 27, 54, 811, 40.56027200774829
"2021-03-29 00:51:14.573853", 309, 1, 0, 186, 27, 54, 817, 40.8608892916989
"2021-03-29 00:51:16.873636", 312, 1, 0, 194, 27, 48, 823, 41.14854361268656
"2021-03-29 00:51:18.966157", 314, 1, 0, 188, 28, 53, 829, 41.43604361268656
"2021-03-29 00:51:21.170692", 316, 1, 0, 182, 28, 58, 835, 41.73306742221037
"2021-03-29 00:51:23.374676", 318, 1, 0, 184, 27, 56, 841, 42.03738840986469
"2021-03-29 00:51:25.674699", 320, 1, 0, 186, 26, 54, 847, 42.349567897044174
"2021-03-29 00:51:27.767283", 323, 1, 0, 187, 28, 53, 853, 42.637067897044176
"2021-03-29 00:51:29.971350", 325, 1, 0, 181, 28, 59, 858, 42.9358774208537
"2021-03-29 00:51:32.271453", 327, 1, 0, 182, 27, 58, 865, 43.24451939616234
"2021-03-29 00:51:34.364102", 329, 1, 0, 172, 28, 68, 871, 43.56297177711472
"2021-03-29 00:51:36.472119", 331, 1, 0, 186, 28, 55, 877, 43.85344796759091
"2021-03-29 00:51:38.660556", 333, 1, 0, 189, 28, 52, 882, 44.139162253305194
"2021-03-29 00:51:40.864612", 336, 1, 0, 190, 28, 51, 888, 44.422495586638526
"2021-03-29 00:51:43.164872", 338, 1, 0, 187, 27, 54, 894, 44.72249558663852
"2021-03-29 00:51:45.177102", 340, 1, 0, 178, 28, 62, 900, 45.02904320568614
"2021-03-29 00:51:47.365504", 342, 1, 0, 170, 28, 71, 906, 45.3534479675909
"2021-03-29 00:51:49.569801", 344, 1, 0, 183, 27, 57, 912, 45.65962080709708
"2021-03-29 00:51:51.773772", 347, 1, 0, 187, 27, 54, 918, 45.958386239195846
"2021-03-29 00:51:53.866358", 349, 1, 0, 186, 29, 54, 924, 46.23827129666711
"2021-03-29 00:51:56.070582", 351, 1, 0, 186, 28, 54, 930, 46.52755701095282
"2021-03-29 00:51:58.178810", 353, 1, 0, 184, 29, 56, 935, 46.810315631642474
"2021-03-29 00:52:00.367218", 355, 1, 0, 189, 27, 52, 941, 47.10661192793877
"2021-03-29 00:52:02.571267", 357, 1, 0, 188, 27, 53, 947, 47.40352550818569
"2021-03-29 00:52:04.775370", 360, 1, 0, 190, 27, 51, 953, 47.697352668679514
"2021-03-29 00:52:06.868058", 362, 1, 0, 188, 29, 53, 958, 47.97436416293239
"2021-03-29 00:52:08.960509", 364, 1, 0, 189, 28, 52, 964, 48.25948321055144
"2021-03-29 00:52:11.675491", 366, 1, 0, 194, 23, 48, 970, 48.59643973229057
"2021-03-29 00:52:13.863771", 369, 1, 0, 191, 27, 51, 976, 48.88903232488316
"2021-03-29 00:52:16.068120", 371, 1, 0, 190, 27, 51, 982, 49.183476769327605
"2021-03-29 00:52:18.271867", 373, 1, 0, 198, 28, 45, 988, 49.45490534075618
"2021-03-29 00:52:20.460622", 375, 1, 0, 193, 27, 49, 993, 49.74379422964507
"2021-03-29 00:52:22.664898", 377, 1, 0, 189, 27, 52, 999, 50.03947324199075
"2021-03-29 00:52:24.868918", 380, 1, 0, 200, 27, 44, 1005, 50.31725101976853
"2021-03-29 00:52:27.072889", 382, 1, 0, 209, 27, 38, 1010, 50.583300402484575
"2021-03-29 00:52:29.165384", 384, 1, 0, 189, 30, 52, 1015, 50.84885595804013
"2021-03-29 00:52:31.273864", 386, 1, 0, 191, 28, 50, 1021, 51.12980833899251
"2021-03-29 00:52:33.462265", 388, 1, 0, 190, 27, 51, 1027, 51.42301821553572
"2021-03-29 00:52:35.666548", 390, 1, 0, 186, 27, 55, 1033, 51.72425278343695
"2021-03-29 00:52:37.774645", 393, 1, 0, 190, 28, 51, 1038, 52.00639564057981
"2021-03-29 00:52:39.866940", 395, 1, 0, 190, 29, 51, 1044, 52.28053357161429
"2021-03-29 00:52:42.071149", 397, 1, 0, 188, 27, 52, 1050, 52.57682986791059
"2021-03-29 00:52:44.067850", 399, 1, 0, 186, 30, 54, 1055, 52.84682986791059
"2021-03-29 00:52:46.176032", 401, 1, 0, 170, 29, 72, 1061, 53.161197684002545
"2021-03-29 00:52:48.364728", 403, 1, 0, 179, 28, 61, 1067, 53.46536435066921
"2021-03-29 00:52:50.664720", 405, 1, 0, 183, 27, 57, 1073, 53.77277175807662
"2021-03-29 00:52:52.772718", 408, 1, 0, 191, 28, 50, 1079, 54.05491461521948
"2021-03-29 00:52:54.865266", 410, 1, 0, 182, 28, 58, 1084, 54.35134318664805
"2021-03-29 00:52:56.973468", 412, 1, 0, 176, 30, 64, 1090, 54.64134318664805
"2021-03-29 00:52:59.066090", 414, 1, 0, 184, 28, 56, 1096, 54.934200329505195
"2021-03-29 00:53:01.366171", 416, 1, 0, 188, 27, 53, 1102, 55.23173119370273
"2021-03-29 00:53:03.266757", 418, 1, 0, 176, 31, 64, 1108, 55.51130108617585
"2021-03-29 00:53:05.471032", 420, 1, 0, 183, 27, 57, 1114, 55.81747392568202
"2021-03-29 00:53:07.563590", 422, 1, 0, 174, 29, 66, 1120, 56.12092220154409
"2021-03-29 00:53:09.671744", 424, 1, 0, 177, 29, 63, 1125, 56.4180486383257
"2021-03-29 00:53:11.764293", 427, 1, 0, 171, 28, 70, 1132, 56.74066768594475
"2021-03-29 00:53:13.760763", 429, 1, 0, 174, 30, 66, 1137, 57.03455657483364
"2021-03-29 00:53:15.964814", 431, 1, 0, 178, 28, 63, 1143, 57.34110419388126
"2021-03-29 00:53:18.073180", 433, 1, 0, 177, 28, 63, 1149, 57.64943752721459
"2021-03-29 00:53:20.373332", 435, 1, 0, 186, 26, 55, 1155, 57.962899065676126
"2021-03-29 00:53:22.369929", 437, 1, 0, 183, 30, 57, 1161, 58.23845462123168
"2021-03-29 00:53:24.462372", 439, 1, 0, 180, 29, 60, 1167, 58.53040864422019
"2021-03-29 00:53:26.666541", 441, 1, 0, 184, 28, 56, 1173, 58.82386102517257
"2021-03-29 00:53:28.678692", 443, 1, 0, 179, 30, 61, 1178, 59.10774991406146
"2021-03-29 00:53:30.675389", 445, 1, 0, 172, 29, 69, 1184, 59.416945316360305
"2021-03-29 00:53:32.863837", 448, 1, 0, 171, 27, 70, 1191, 59.75027864969364
"2021-03-29 00:53:34.971873", 450, 1, 0, 173, 29, 68, 1197, 60.0566004887741
"2021-03-29 00:53:37.064604", 452, 1, 0, 174, 29, 67, 1203, 60.36062347727985
"2021-03-29 00:53:39.172771", 454, 1, 0, 170, 29, 71, 1209, 60.67326715544077
"2021-03-29 00:53:41.265361", 456, 1, 0, 163, 28, 80, 1215, 61.01671953639315
"2021-03-29 00:53:43.261995", 458, 1, 0, 170, 31, 71, 1221, 61.310267923489924
"2021-03-29 00:53:45.370194", 460, 1, 0, 171, 28, 70, 1227, 61.631696494918494
"2021-03-29 00:53:47.462724", 462, 1, 0, 177, 30, 63, 1233, 61.91891871714071
"2021-03-29 00:53:49.570904", 464, 1, 0, 174, 29, 66, 1239, 62.22236699300278
"2021-03-29 00:53:51.774876", 467, 1, 0, 183, 27, 57, 1245, 62.528539832508955
"2021-03-29 00:53:53.867336", 469, 1, 0, 181, 28, 59, 1251, 62.82853983250895
"2021-03-29 00:53:56.071693", 471, 1, 0, 183, 28, 58, 1257, 63.12496840393752
"2021-03-29 00:53:58.164063", 473, 1, 0, 173, 28, 67, 1263, 63.44163507060419
"2021-03-29 00:54:00.272417", 475, 1, 0, 181, 29, 59, 1269, 63.730715530374304
"2021-03-29 00:54:02.365007", 477, 1, 0, 172, 29, 69, 1275, 64.03991093267315
"2021-03-29 00:54:04.569192", 479, 1, 0, 181, 27, 59, 1281, 64.35163932773489
"2021-03-29 00:54:06.661292", 481, 1, 0, 176, 28, 64, 1287, 64.66175837535394
"2021-03-29 00:54:08.769682", 484, 1, 0, 172, 29, 69, 1293, 64.96980435236543
"2021-03-29 00:54:10.862407", 486, 1, 0, 174, 29, 67, 1299, 65.27497676615853
"2021-03-29 00:54:12.970490", 488, 1, 0, 181, 29, 59, 1305, 65.56348251328497
"2021-03-29 00:54:14.967062", 490, 1, 0, 173, 30, 68, 1311, 65.86014917995163
"2021-03-29 00:54:17.171370", 492, 1, 0, 175, 29, 65, 1317, 66.16072389259531
"2021-03-29 00:54:19.263796", 494, 1, 0, 173, 28, 67, 1323, 66.47739055926198
"2021-03-29 00:54:21.260493", 496, 1, 0, 172, 29, 68, 1329, 66.7848618236298
"2021-03-29 00:54:23.464652", 498, 1, 0, 180, 28, 60, 1335, 67.08664753791551
"2021-03-29 00:54:25.572636", 500, 1, 0, 169, 28, 72, 1341, 67.41283801410599
"2021-03-29 00:54:27.665518", 502, 1, 0, 164, 29, 79, 1347, 67.7415736462899
"2021-03-29 00:54:29.662023", 504, 1, 0, 172, 29, 68, 1353, 68.04904491065771
"2021-03-29 00:54:31.674249", 506, 1, 0, 175, 30, 66, 1359, 68.34126713287993
"2021-03-29 00:54:33.863012", 509, 1, 0, 173, 28, 68, 1365, 68.65912427573707
"2021-03-29 00:54:36.066904", 511, 1, 0, 175, 28, 65, 1371, 68.97162427573707
"2021-03-29 00:54:38.063516", 513, 1, 0, 177, 29, 63, 1377, 69.268175999875
"2021-03-29 00:54:40.171789", 515, 1, 0, 188, 29, 53, 1382, 69.54518749412787
"2021-03-29 00:54:42.264305", 517, 1, 0, 178, 29, 62, 1388, 69.84001508033477
"2021-03-29 00:54:44.468404", 519, 1, 0, 184, 28, 56, 1394, 70.13346746128714
"2021-03-29 00:54:46.560932", 521, 1, 0, 177, 28, 64, 1400, 70.4423960327157
"2021-03-29 00:54:48.669186", 523, 1, 0, 179, 29, 61, 1406, 70.73435005570421
"2021-03-29 00:54:50.873052", 526, 1, 0, 179, 28, 62, 1412, 71.03911196046612
"2021-03-29 00:54:52.869964", 528, 1, 0, 177, 29, 63, 1418, 71.33623839724773
"2021-03-29 00:54:54.962270", 530, 1, 0, 182, 30, 58, 1423, 71.6140161750255
"2021-03-29 00:54:57.166538", 532, 1, 0, 182, 27, 58, 1430, 71.92327543428476
"2021-03-29 00:54:59.274767", 534, 1, 0, 178, 29, 62, 1435, 72.21867773313534
"2021-03-29 00:55:01.271412", 536, 1, 0, 183, 30, 57, 1441, 72.49534439980201
"2021-03-29 00:55:03.459859", 538, 1, 0, 181, 28, 59, 1447, 72.79474916170678
"2021-03-29 00:55:05.568131", 540, 1, 0, 178, 29, 62, 1453, 73.09015146055735
"2021-03-29 00:55:07.564799", 542, 1, 0, 173, 30, 68, 1458, 73.38626257166847
"2021-03-29 00:55:09.672816", 544, 1, 0, 178, 28, 62, 1464, 73.69161971452561
"2021-03-29 00:55:11.861567", 547, 1, 0, 181, 28, 59, 1470, 73.99161971452561
"2021-03-29 00:55:13.969431", 549, 1, 0, 174, 28, 66, 1476, 74.30531019071609
"2021-03-29 00:55:16.062174", 551, 1, 0, 181, 30, 59, 1482, 74.58419907960497
"2021-03-29 00:55:18.170393", 553, 1, 0, 181, 28, 59, 1488, 74.88419907960497
"2021-03-29 00:55:20.470288", 555, 1, 0, 182, 26, 58, 1494, 75.20407087447677
"2021-03-29 00:55:22.562903", 557, 1, 0, 184, 29, 56, 1500, 75.4874042078101
"2021-03-29 00:55:24.767002", 560, 1, 0, 189, 27, 52, 1506, 75.78246593620516
"2021-03-29 00:55:26.763573", 562, 1, 0, 176, 31, 64, 1511, 76.06257346308688
"2021-03-29 00:55:28.871672", 564, 1, 0, 181, 28, 59, 1517, 76.36257346308687
"2021-03-29 00:55:32.162315", 567, 1, 0, 213, 18, 36, 1523, 76.75516605567947
"2021-03-29 00:55:34.366381", 569, 1, 0, 186, 28, 54, 1530, 77.04504700806042
"2021-03-29 00:55:36.458979", 571, 1, 0, 199, 28, 44, 1536, 77.31409462710805
"2021-03-29 00:55:38.663153", 573, 1, 0, 200, 27, 44, 1542, 77.59187240488582
"2021-03-29 00:55:40.771120", 576, 1, 0, 193, 29, 49, 1547, 77.8608379221272
"2021-03-29 00:55:42.959765", 578, 1, 0, 195, 28, 47, 1552, 78.13583792212721
"2021-03-29 00:55:45.068136", 580, 1, 0, 185, 29, 56, 1558, 78.41802183017319
"2021-03-29 00:55:47.176177", 582, 1, 0, 188, 29, 53, 1564, 78.69445861178238
"2021-03-29 00:55:49.364429", 584, 1, 0, 195, 28, 47, 1569, 78.97005384987762
"2021-03-29 00:55:51.472745", 586, 1, 0, 191, 29, 50, 1575, 79.24246764298107
"2021-03-29 00:55:53.565347", 588, 1, 0, 184, 28, 56, 1580, 79.53532478583821
"2021-03-29 00:55:55.865525", 591, 1, 0, 196, 26, 47, 1586, 79.83019658071001
"2021-03-29 00:55:57.973596", 593, 1, 0, 192, 28, 50, 1592, 80.11055372356715
"2021-03-29 00:56:00.162191", 595, 1, 0, 180, 28, 60, 1598, 80.41114896166239
"2021-03-29 00:56:02.158655", 597, 1, 0, 178, 29, 62, 1604, 80.70712597315665
"2021-03-29 00:56:04.267012", 599, 1, 0, 179, 30, 61, 1609, 80.98990375093443
"2021-03-29 00:56:06.375110", 601, 1, 0, 185, 28, 55, 1615, 81.28097517950586
"2021-03-29 00:56:08.467406", 603, 1, 0, 181, 28, 59, 1621, 81.58037994141063
"2021-03-29 00:56:10.560247", 605, 1, 0, 174, 29, 66, 1627, 81.8838282172727
"2021-03-29 00:56:12.556840", 607, 1, 0, 177, 30, 64, 1632, 82.17216155060602
"2021-03-29 00:56:14.665035", 609, 1, 0, 171, 29, 69, 1638, 82.48193166554854
"2021-03-29 00:56:16.773255", 612, 1, 0, 170, 29, 71, 1645, 82.79400063106579
"2021-03-29 00:56:18.865559", 614, 1, 0, 180, 29, 60, 1650, 83.08423051612326
"2021-03-29 00:56:20.973965", 616, 1, 0, 180, 28, 60, 1656, 83.38542099231373
"2021-03-29 00:56:22.954993", 618, 1, 0, 176, 30, 64, 1662, 83.67375432564705
"2021-03-29 00:56:25.063235", 620, 1, 0, 181, 30, 59, 1668, 83.9531987700915
"2021-03-29 00:56:27.075458", 622, 1, 0, 169, 30, 72, 1673, 84.25819877009151
"2021-03-29 00:56:29.263642", 624, 1, 0, 170, 28, 71, 1680, 84.58260353199627
"2021-03-29 00:56:31.260457", 626, 1, 0, 169, 30, 73, 1686, 84.88871464310738
"2021-03-29 00:56:33.368782", 628, 1, 0, 180, 29, 60, 1692, 85.17894452816485
"2021-03-29 00:56:35.365439", 630, 1, 0, 179, 29, 61, 1697, 85.4720479764407
"2021-03-29 00:56:37.569123", 632, 1, 0, 177, 27, 63, 1703, 85.79118377890984
"2021-03-29 00:56:39.661954", 634, 1, 0, 173, 29, 68, 1710, 86.09865504327766
"2021-03-29 00:56:41.658649", 636, 1, 0, 166, 30, 76, 1715, 86.41087726549988
"2021-03-29 00:56:43.863027", 639, 1, 0, 172, 28, 69, 1722, 86.73052012264273
"2021-03-29 00:56:45.970986", 641, 1, 0, 173, 29, 68, 1728, 87.03741667436687
"2021-03-29 00:56:48.063501", 643, 1, 0, 178, 28, 62, 1734, 87.34217857912877
"2021-03-29 00:56:50.171710", 645, 1, 0, 181, 29, 59, 1740, 87.63125903889889
"2021-03-29 00:56:52.375760", 647, 1, 0, 178, 28, 62, 1746, 87.9360209436608
"2021-03-29 00:56:54.468229", 649, 1, 0, 183, 28, 58, 1751, 88.23244951508937
"2021-03-29 00:56:56.464903", 651, 1, 0, 171, 30, 70, 1757, 88.53244951508937
"2021-03-29 00:56:58.573094", 653, 1, 0, 175, 29, 65, 1763, 88.83359894037673
"2021-03-29 00:57:00.665677", 655, 1, 0, 167, 29, 75, 1769, 89.1531391702618
"2021-03-29 00:57:02.662377", 657, 1, 0, 175, 29, 65, 1775, 89.45428859554916
"2021-03-29 00:57:04.866409", 660, 1, 0, 180, 29, 60, 1781, 89.74509319325031
"2021-03-29 00:57:06.958956", 662, 1, 0, 173, 28, 67, 1787, 90.06175985991698
"2021-03-29 00:57:09.067121", 664, 1, 0, 177, 29, 63, 1793, 90.3583115840549
"2021-03-29 00:57:11.159485", 666, 1, 0, 187, 29, 54, 1799, 90.63704721623881
"2021-03-29 00:57:13.363858", 668, 1, 0, 192, 27, 49, 1804, 90.92717067302894
"2021-03-29 00:57:15.360523", 670, 1, 0, 182, 29, 58, 1810, 91.21395228222434
"2021-03-29 00:57:17.468630", 672, 1, 0, 179, 29, 61, 1816, 91.5070557305002
"2021-03-29 00:57:19.561236", 674, 1, 0, 182, 29, 58, 1821, 91.7938373396956
"2021-03-29 00:57:21.573580", 676, 1, 0, 178, 30, 62, 1827, 92.07828178414005
"2021-03-29 00:57:23.666156", 678, 1, 0, 172, 29, 69, 1833, 92.38690247379522
"2021-03-29 00:57:25.758621", 681, 1, 0, 181, 27, 59, 1839, 92.69863086885695
"2021-03-29 00:57:27.755250", 683, 1, 0, 179, 31, 61, 1845, 92.97228678283545
"2021-03-29 00:57:29.767204", 685, 1, 0, 172, 30, 69, 1850, 93.27006456061324
"2021-03-29 00:57:31.971572", 687, 1, 0, 180, 28, 60, 1856, 93.5712550368037
"2021-03-29 00:57:33.968210", 689, 1, 0, 177, 30, 63, 1862, 93.85736614791482
"2021-03-29 00:57:36.060822", 691, 1, 0, 180, 29, 60, 1868, 94.14759603297229
"2021-03-29 00:57:38.265059", 693, 1, 0, 180, 28, 60, 1874, 94.449381747258
"2021-03-29 00:57:40.373106", 695, 1, 0, 175, 29, 65, 1880, 94.74995645990168
"2021-03-29 00:57:42.465613", 697, 1, 0, 188, 28, 53, 1885, 95.0362659837112
"2021-03-29 00:57:44.462311", 699, 1, 0, 179, 29, 62, 1891, 95.33051885727443
"2021-03-29 00:57:46.666460", 701, 1, 0, 186, 28, 54, 1897, 95.62039980965538
"2021-03-29 00:57:48.759050", 704, 1, 0, 180, 28, 60, 1903, 95.92099504775062
"2021-03-29 00:57:50.867242", 706, 1, 0, 174, 29, 67, 1908, 96.22501803625637
"2021-03-29 00:57:52.863702", 708, 1, 0, 180, 30, 60, 1914, 96.50612914736749
"2021-03-29 00:57:54.956397", 710, 1, 0, 178, 28, 62, 1920, 96.81208152831987
"2021-03-29 00:57:57.064530", 712, 1, 0, 185, 28, 55, 1926, 97.1031529568913
"2021-03-29 00:57:59.268588", 714, 1, 0, 186, 28, 54, 1932, 97.39303390927225
"2021-03-29 00:58:01.360904", 716, 1, 0, 188, 29, 52, 1937, 97.66889597823777
"2021-03-29 00:58:03.469441", 718, 1, 0, 182, 29, 58, 1943, 97.95567758743317
"2021-03-29 00:58:05.673528", 720, 1, 0, 192, 27, 50, 1949, 98.24641832817392
"2021-03-29 00:58:07.765945", 723, 1, 0, 188, 28, 52, 1954, 98.53213261388821
"2021-03-29 00:58:09.970110", 725, 1, 0, 198, 27, 45, 1960, 98.81299681141907
"2021-03-29 00:58:12.158767", 727, 1, 0, 188, 28, 52, 1965, 99.09871109713336
"2021-03-29 00:58:14.458685", 729, 1, 0, 187, 26, 53, 1971, 99.40832648174874
"2021-03-29 00:58:16.662939", 731, 1, 0, 208, 27, 39, 1977, 99.67561043236603
"2021-03-29 00:58:18.867067", 734, 1, 0, 199, 28, 44, 1982, 99.94525328950888
"2021-03-29 00:58:20.975136", 736, 1, 0, 195, 28, 47, 1988, 100.21965805141365
"2021-03-29 00:58:23.067756", 738, 1, 0, 187, 29, 54, 1993, 100.49839368359756
"2021-03-29 00:58:25.064308", 740, 1, 0, 194, 29, 48, 1998, 100.76620977555157
"2021-03-29 00:58:27.172597", 742, 1, 0, 194, 29, 48, 2004, 101.03287644221824
"2021-03-29 00:58:29.265119", 744, 1, 0, 193, 29, 49, 2009, 101.30184195945962
"2021-03-29 00:58:31.469138", 746, 1, 0, 199, 28, 44, 2015, 101.57148481660248
"2021-03-29 00:58:33.561787", 748, 1, 0, 197, 29, 46, 2020, 101.83412849476339
"2021-03-29 00:58:35.765795", 751, 1, 0, 196, 27, 46, 2026, 102.11746182809672
"2021-03-29 00:58:37.954353", 753, 1, 0, 207, 27, 39, 2031, 102.38598034661524
"2021-03-29 00:58:40.062475", 755, 1, 0, 190, 29, 51, 2036, 102.65896885236236
"2021-03-29 00:58:42.362533", 757, 1, 0, 195, 27, 47, 2042, 102.94477132149817
"2021-03-29 00:58:44.566668", 759, 1, 0, 199, 27, 44, 2048, 103.22378366717717
"2021-03-29 00:58:46.755109", 762, 1, 0, 194, 28, 48, 2053, 103.49997414336765
"2021-03-29 00:58:48.863207", 764, 1, 0, 202, 28, 43, 2059, 103.76545033384384
"2021-03-29 00:58:50.955778", 766, 1, 0, 188, 29, 53, 2064, 104.04188711545304
"2021-03-29 00:58:53.064021", 768, 1, 0, 193, 28, 48, 2070, 104.31926806783399
"2021-03-29 00:58:55.364100", 770, 1, 0, 196, 27, 47, 2075, 104.60321868511794
"2021-03-29 00:58:57.360635", 772, 1, 0, 187, 29, 54, 2081, 104.88195431730185
"2021-03-29 00:58:59.564737", 774, 1, 0, 202, 27, 43, 2086, 105.15726295927716
"2021-03-29 00:59:01.657476", 776, 1, 0, 199, 29, 44, 2092, 105.41760778686337
"2021-03-29 00:59:03.765508", 779, 1, 0, 185, 29, 55, 2097, 105.69921698226567
"2021-03-29 00:59:05.858188", 781, 1, 0, 195, 28, 47, 2103, 105.97421698226567
"2021-03-29 00:59:08.062238", 783, 1, 0, 196, 28, 46, 2108, 106.24802650607519
"2021-03-29 00:59:10.170246", 785, 1, 0, 194, 28, 48, 2114, 106.5248122203609
"2021-03-29 00:59:12.358939", 787, 1, 0, 202, 28, 42, 2119, 106.79028841083709
"2021-03-29 00:59:14.371322", 789, 1, 0, 192, 29, 50, 2124, 107.06097806600951
"2021-03-29 00:59:16.463645", 791, 1, 0, 193, 28, 48, 2130, 107.33835901839046
"2021-03-29 00:59:18.667873", 793, 1, 0, 192, 29, 49, 2135, 107.60789924827552
"2021-03-29 00:59:20.760296", 796, 1, 0, 189, 29, 52, 2141, 107.88261189195367
"2021-03-29 00:59:22.868658", 798, 1, 0, 193, 28, 48, 2146, 108.15999284433462
"2021-03-29 00:59:24.961194", 800, 1, 0, 185, 30, 56, 2152, 108.4327706221124
"2021-03-29 00:59:27.069298", 802, 1, 0, 188, 29, 53, 2157, 108.70978211636528
"2021-03-29 00:59:29.161955", 804, 1, 0, 194, 28, 48, 2163, 108.98716306874623
"2021-03-29 00:59:31.270027", 806, 1, 0, 191, 28, 50, 2168, 109.26871068779384
"2021-03-29 00:59:33.362676", 808, 1, 0, 185, 29, 56, 2174, 109.55089459583982
"2021-03-29 00:59:35.470881", 810, 1, 0, 186, 28, 54, 2180, 109.84018031012553
"2021-03-29 00:59:37.563354", 812, 1, 0, 184, 29, 56, 2185, 110.12293893081518
"2021-03-29 00:59:39.671552", 814, 1, 0, 194, 28, 48, 2191, 110.40031988319613
"2021-03-29 00:59:41.764064", 817, 1, 0, 181, 29, 59, 2196, 110.68940034296625
"2021-03-29 00:59:43.872269", 819, 1, 0, 183, 29, 57, 2202, 110.97388310158694
"2021-03-29 00:59:45.868792", 821, 1, 0, 186, 30, 55, 2208, 111.24499421269805
"2021-03-29 00:59:47.961568", 823, 1, 0, 188, 29, 52, 2213, 111.52085628166357
"2021-03-29 00:59:50.069725", 825, 1, 0, 181, 29, 59, 2219, 111.80993674143369
"2021-03-29 00:59:52.162104", 827, 1, 0, 183, 29, 57, 2224, 112.09499421269805
"2021-03-29 00:59:54.270350", 829, 1, 0, 181, 28, 59, 2230, 112.39380373650758
"2021-03-29 00:59:56.267013", 831, 1, 0, 180, 30, 60, 2236, 112.67547040317424
"2021-03-29 00:59:58.359642", 833, 1, 0, 183, 29, 57, 2242, 112.9611025870823
"2021-03-29 01:00:00.452180", 835, 1, 0, 184, 29, 56, 2247, 113.24443592041563
"2021-03-29 01:00:02.560338", 837, 1, 0, 188, 29, 53, 2253, 113.5214474146685
"2021-03-29 01:00:04.556783", 839, 1, 0, 177, 30, 63, 2258, 113.80866963689073
"2021-03-29 01:00:06.665248", 841, 1, 0, 185, 30, 55, 2264, 114.08089185911295
"2021-03-29 01:00:08.661720", 843, 1, 0, 185, 30, 56, 2269, 114.35366963689073
"2021-03-29 01:00:10.658605", 845, 1, 0, 173, 30, 67, 2275, 114.64866963689073
"2021-03-29 01:00:12.766598", 848, 1, 0, 184, 29, 56, 2281, 114.93200297022406
"2021-03-29 01:00:14.763270", 850, 1, 0, 174, 30, 66, 2287, 115.2253363035574
"2021-03-29 01:00:16.759903", 852, 1, 0, 180, 29, 60, 2292, 115.5172903265459
"2021-03-29 01:00:18.868172", 854, 1, 0, 180, 29, 60, 2298, 115.80866963689073
"2021-03-29 01:00:20.960764", 856, 1, 0, 178, 29, 62, 2304, 116.1040719357413
"2021-03-29 01:00:22.957351", 858, 1, 0, 173, 30, 67, 2310, 116.3990719357413
"2021-03-29 01:00:25.161671", 860, 1, 0, 181, 28, 59, 2316, 116.6990719357413
"2021-03-29 01:00:27.253980", 862, 1, 0, 191, 28, 50, 2321, 116.98061955478892
"2021-03-29 01:00:29.362193", 864, 1, 0, 182, 28, 58, 2327, 117.2788338405032
"2021-03-29 01:00:31.454736", 866, 1, 0, 178, 29, 62, 2333, 117.57423613935377
"2021-03-29 01:00:33.466858", 868, 1, 0, 178, 30, 62, 2338, 117.85979169490933
"2021-03-29 01:00:35.559609", 870, 1, 0, 181, 29, 59, 2344, 118.14887215467945
"2021-03-29 01:00:37.667499", 872, 1, 0, 178, 28, 62, 2350, 118.45363405944136
"2021-03-29 01:00:39.760292", 875, 1, 0, 190, 29, 51, 2356, 118.72777199047584
"2021-03-29 01:00:41.868511", 877, 1, 0, 191, 29, 50, 2361, 118.99961107093561
"2021-03-29 01:00:43.865084", 879, 1, 0, 172, 31, 68, 2367, 119.28724547953776
"2021-03-29 01:00:46.069142", 881, 1, 0, 180, 27, 60, 2373, 119.59959115855011
"2021-03-29 01:00:48.161829", 883, 1, 0, 184, 28, 56, 2379, 119.89304353950249
"2021-03-29 01:00:50.365892", 885, 1, 0, 184, 28, 57, 2384, 120.18768639664535
"2021-03-29 01:00:52.362497", 887, 1, 0, 174, 30, 66, 2390, 120.48101972997868
"2021-03-29 01:00:54.455116", 889, 1, 0, 175, 29, 66, 2396, 120.7833185805534
"2021-03-29 01:00:56.563196", 891, 1, 0, 190, 29, 51, 2402, 121.05630708630052
"2021-03-29 01:00:58.559870", 893, 1, 0, 186, 29, 55, 2407, 121.33676685641547
"2021-03-29 01:01:00.667983", 895, 1, 0, 186, 29, 54, 2413, 121.61665191388673
"2021-03-29 01:01:02.664428", 897, 1, 0, 176, 31, 64, 2418, 121.89622180635985
"2021-03-29 01:01:04.756912", 900, 1, 0, 186, 28, 54, 2424, 122.18550752064556
"2021-03-29 01:01:06.961264", 902, 1, 0, 188, 28, 53, 2430, 122.47241228255032
"2021-03-29 01:01:09.069494", 904, 1, 0, 187, 29, 53, 2435, 122.75057320209055
"2021-03-29 01:01:11.066084", 906, 1, 0, 184, 29, 56, 2441, 123.03448124806756
"2021-03-29 01:01:13.158875", 908, 1, 0, 184, 29, 56, 2446, 123.3178145814009
"2021-03-29 01:01:15.266943", 910, 1, 0, 193, 28, 48, 2452, 123.59579077187709
"2021-03-29 01:01:17.455355", 912, 1, 0, 186, 29, 54, 2458, 123.87510111670468
"2021-03-29 01:01:19.563645", 914, 1, 0, 173, 28, 68, 2464, 124.19295825956182
"2021-03-29 01:01:21.671852", 916, 1, 0, 189, 28, 52, 2469, 124.47748206908562
"2021-03-29 01:01:23.668409", 918, 1, 0, 170, 31, 72, 2475, 124.771568090591
"2021-03-29 01:01:25.760829", 921, 1, 0, 185, 28, 55, 2481, 125.06323475725767
"2021-03-29 01:01:27.965094", 923, 1, 0, 183, 28, 57, 2487, 125.35906809059101
"2021-03-29 01:01:30.057670", 925, 1, 0, 184, 29, 57, 2492, 125.64355084921169
"2021-03-29 01:01:32.165902", 927, 1, 0, 179, 29, 61, 2498, 125.93665429748755
"2021-03-29 01:01:33.970626", 929, 1, 0, 158, 33, 88, 2504, 126.24170480253805
"2021-03-29 01:01:35.663872", 930, 1, 0, 147, 35, 109, 2510, 126.56360956444281
"2021-03-29 01:01:37.261316", 932, 1, 0, 145, 37, 115, 2515, 126.87757352840677
"2021-03-29 01:01:38.858436", 934, 1, 0, 136, 37, 138, 2521, 127.22667262750586
"2021-03-29 01:01:40.567420", 935, 1, 0, 144, 36, 118, 2527, 127.55352447935772
"2021-03-29 01:01:42.372040", 937, 1, 0, 138, 35, 133, 2533, 127.9149530507863
"2021-03-29 01:01:44.161349", 939, 1, 0, 140, 33, 127, 2540, 128.28717527300853
"2021-03-29 01:01:45.870202", 941, 1, 0, 141, 35, 126, 2546, 128.63574670157996
"2021-03-29 01:01:47.659285", 942, 1, 0, 136, 33, 138, 2552, 129.02665579248907
"2021-03-29 01:01:49.560071", 944, 1, 0, 141, 32, 125, 2559, 129.4068641258224
"2021-03-29 01:01:51.364620", 946, 1, 0, 136, 33, 139, 2566, 129.79928836824666
"2021-03-29 01:01:53.058115", 948, 1, 0, 138, 35, 132, 2572, 130.1583359872943
"2021-03-29 01:01:54.862650", 950, 1, 0, 136, 32, 140, 2578, 130.56510682062762
"2021-03-29 01:01:56.667686", 951, 1, 0, 140, 35, 127, 2585, 130.91558301110382
"2021-03-29 01:01:58.472269", 953, 1, 0, 144, 32, 117, 2591, 131.28172884443714
"2021-03-29 01:02:00.261592", 955, 1, 0, 136, 33, 139, 2597, 131.67465813736644
"2021-03-29 01:02:01.970436", 957, 1, 0, 143, 37, 120, 2604, 131.9958293085376
"2021-03-29 01:02:03.759520", 959, 1, 0, 142, 33, 122, 2610, 132.36047577318405
"2021-03-29 01:02:05.771956", 961, 1, 0, 152, 31, 100, 2616, 132.70724996673243
"2021-03-29 01:02:07.561180", 962, 1, 0, 143, 33, 118, 2623, 133.06482572430818
"2021-03-29 01:02:09.461677", 964, 1, 0, 148, 32, 109, 2629, 133.41586739097485
"2021-03-29 01:02:11.665839", 966, 1, 0, 198, 28, 45, 2635, 133.6867007243082
"2021-03-29 01:02:13.758355", 969, 1, 0, 185, 28, 55, 2640, 133.97836739097485
"2021-03-29 01:02:15.866349", 971, 1, 0, 182, 29, 58, 2646, 134.26629842545762
"2021-03-29 01:02:17.959084", 973, 1, 0, 186, 28, 54, 2651, 134.55617937783856
"2021-03-29 01:02:20.067123", 975, 1, 0, 188, 28, 53, 2657, 134.8424889016481
"2021-03-29 01:02:22.271458", 977, 1, 0, 191, 28, 50, 2663, 135.12463175879094
"2021-03-29 01:02:24.459937", 979, 1, 0, 191, 27, 50, 2668, 135.41660706743292
"2021-03-29 01:02:26.663992", 981, 1, 0, 187, 28, 53, 2674, 135.70410706743291
"2021-03-29 01:02:28.676350", 983, 1, 0, 186, 29, 55, 2680, 135.98456683754785
"2021-03-29 01:02:30.768547", 986, 1, 0, 183, 29, 57, 2685, 136.2696243088122
"2021-03-29 01:02:32.765463", 988, 1, 0, 183, 30, 57, 2691, 136.54629097547888
"2021-03-29 01:02:34.873746", 990, 1, 0, 188, 29, 53, 2697, 136.82330246973174
"2021-03-29 01:02:36.965964", 992, 1, 0, 185, 29, 56, 2702, 137.1060610904214
"2021-03-29 01:02:38.962801", 994, 1, 0, 180, 30, 60, 2708, 137.38661664597697
"2021-03-29 01:02:40.959479", 996, 1, 0, 187, 30, 53, 2713, 137.65550553486585
"2021-03-29 01:02:42.956103", 998, 1, 0, 178, 31, 63, 2719, 137.93238725529596
"2021-03-29 01:02:44.968221", 1000, 1, 0, 183, 29, 57, 2724, 138.21687001391666
"2021-03-29 01:02:46.964988", 1002, 1, 0, 185, 30, 55, 2730, 138.48964779169444
"2021-03-29 01:02:48.961561", 1004, 1, 0, 175, 31, 66, 2735, 138.77190585621057
"2021-03-29 01:02:51.054130", 1006, 1, 0, 190, 29, 51, 2741, 139.0448943619577
"2021-03-29 01:02:53.066427", 1008, 1, 0, 181, 29, 59, 2746, 139.3339748217278
"2021-03-29 01:02:55.062802", 1010, 1, 0, 176, 30, 64, 2752, 139.62341926617225
"2021-03-29 01:02:57.155670", 1012, 1, 0, 176, 29, 64, 2758, 139.9222698408849
"2021-03-29 01:02:59.263817", 1014, 1, 0, 180, 29, 60, 2764, 140.21307443858603
"2021-03-29 01:03:01.260421", 1016, 1, 0, 179, 30, 61, 2770, 140.49640777191937
"2021-03-29 01:03:03.352996", 1018, 1, 0, 176, 29, 65, 2775, 140.79698248456305
"2021-03-29 01:03:05.461085", 1020, 1, 0, 191, 28, 50, 2781, 141.07853010361066
"2021-03-29 01:03:07.553675", 1022, 1, 0, 177, 30, 63, 2787, 141.36519677027732
"2021-03-29 01:03:09.661935", 1024, 1, 0, 194, 28, 48, 2792, 141.64198248456304
"2021-03-29 01:03:11.754452", 1027, 1, 0, 178, 29, 62, 2798, 141.93623535812625
"2021-03-29 01:03:13.862660", 1029, 1, 0, 171, 30, 70, 2804, 142.2367909136818
"2021-03-29 01:03:15.859275", 1031, 1, 0, 181, 29, 59, 2809, 142.5264460860956
"2021-03-29 01:03:17.951736", 1033, 1, 0, 183, 28, 57, 2815, 142.82227941942892
"2021-03-29 01:03:20.059914", 1035, 1, 0, 176, 28, 64, 2821, 143.13239846704798
"2021-03-29 01:03:22.152568", 1037, 1, 0, 176, 29, 64, 2827, 143.43124904176062
"2021-03-29 01:03:24.260640", 1039, 1, 0, 177, 30, 63, 2833, 143.71791570842728
"2021-03-29 01:03:26.368851", 1041, 1, 0, 183, 29, 57, 2839, 144.00412260497902
"2021-03-29 01:03:28.461241", 1043, 1, 0, 173, 28, 68, 2845, 144.3225749859314
"2021-03-29 01:03:30.458182", 1045, 1, 0, 175, 29, 65, 2851, 144.62372441121875
"2021-03-29 01:03:32.566330", 1047, 1, 0, 185, 28, 55, 2856, 144.9153910778854
"2021-03-29 01:03:34.658952", 1049, 1, 0, 178, 30, 62, 2862, 145.2003910778854
"2021-03-29 01:03:36.863055", 1052, 1, 0, 181, 27, 59, 2868, 145.51026762109527
"2021-03-29 01:03:38.955484", 1054, 1, 0, 186, 29, 54, 2874, 145.79015267856653
"2021-03-29 01:03:40.951891", 1056, 1, 0, 183, 29, 57, 2879, 146.07578486247456
"2021-03-29 01:03:43.156137", 1058, 1, 0, 184, 28, 56, 2885, 146.3698324815222
"2021-03-29 01:03:45.264449", 1060, 1, 0, 191, 28, 50, 2891, 146.65078486247458
"2021-03-29 01:03:47.261083", 1062, 1, 0, 174, 30, 66, 2896, 146.94356264025237
"2021-03-29 01:03:49.353552", 1064, 1, 0, 180, 28, 60, 2902, 147.2453483545381
"2021-03-29 01:03:51.461718", 1066, 1, 0, 172, 29, 68, 2908, 147.55281961890591
"2021-03-29 01:03:53.458256", 1068, 1, 0, 168, 30, 73, 2914, 147.8594862855726
"2021-03-29 01:03:55.662657", 1070, 1, 0, 177, 28, 64, 2920, 148.16841485700115
"2021-03-29 01:03:57.755148", 1073, 1, 0, 183, 29, 57, 2926, 148.45462175355289
"2021-03-29 01:03:59.751720", 1075, 1, 0, 185, 29, 55, 2932, 148.73680566159885
"2021-03-29 01:04:01.859924", 1077, 1, 0, 187, 29, 54, 2937, 149.01496658113908
"2021-03-29 01:04:03.856675", 1079, 1, 0, 178, 30, 62, 2943, 149.2994110255835
"2021-03-29 01:04:05.853210", 1081, 1, 0, 183, 29, 57, 2948, 149.58446849684788
"2021-03-29 01:04:07.961224", 1083, 1, 0, 188, 29, 53, 2954, 149.86147999110074
"2021-03-29 01:04:10.053836", 1085, 1, 0, 183, 30, 57, 2959, 150.13703554665628
"2021-03-29 01:04:12.162055", 1087, 1, 0, 179, 29, 61, 2965, 150.42956428228845
"2021-03-29 01:04:14.254625", 1089, 1, 0, 182, 28, 58, 2971, 150.7271833299075
"2021-03-29 01:04:16.362747", 1091, 1, 0, 184, 30, 56, 2977, 151.00162777435193
"2021-03-29 01:04:18.455351", 1093, 1, 0, 185, 28, 55, 2982, 151.2932944410186
"2021-03-29 01:04:20.563453", 1095, 1, 0, 166, 29, 77, 2988, 151.61743237205306
"2021-03-29 01:04:22.656173", 1097, 1, 0, 175, 29, 65, 2994, 151.91800708469674
"2021-03-29 01:04:24.764296", 1100, 1, 0, 185, 28, 55, 3000, 152.2096737513634
"2021-03-29 01:04:26.856887", 1102, 1, 0, 177, 30, 63, 3006, 152.49689597358562
"2021-03-29 01:04:28.853609", 1104, 1, 0, 178, 29, 62, 3012, 152.79287298507987
"2021-03-29 01:04:30.961400", 1106, 1, 0, 182, 30, 58, 3017, 153.06953965174654
"2021-03-29 01:04:32.958247", 1108, 1, 0, 185, 29, 55, 3023, 153.35114884714883
"2021-03-29 01:04:35.066486", 1110, 1, 0, 179, 29, 61, 3029, 153.643677582781
"2021-03-29 01:04:37.063000", 1112, 1, 0, 173, 30, 67, 3035, 153.938677582781
"2021-03-29 01:04:39.059676", 1114, 1, 0, 177, 31, 63, 3040, 154.2160969376197
"2021-03-29 01:04:41.152289", 1116, 1, 0, 192, 28, 50, 3046, 154.49645408047687
"2021-03-29 01:04:43.260404", 1118, 1, 0, 181, 29, 59, 3051, 154.78553454024697
"2021-03-29 01:04:45.353134", 1120, 1, 0, 189, 28, 52, 3057, 155.07065358786602
"2021-03-29 01:04:47.365396", 1122, 1, 0, 179, 30, 61, 3062, 155.35398692119935
"2021-03-29 01:04:49.362074", 1124, 1, 0, 181, 30, 59, 3068, 155.6334313656438
"2021-03-29 01:04:51.454501", 1126, 1, 0, 183, 30, 57, 3074, 155.91009803231046
"2021-03-29 01:04:53.562741", 1128, 1, 0, 188, 28, 52, 3079, 156.19581231802474
"2021-03-29 01:04:55.655333", 1130, 1, 0, 187, 29, 54, 3085, 156.47454795020863
"2021-03-29 01:04:57.763346", 1133, 1, 0, 190, 28, 51, 3090, 156.75728604544673
"2021-03-29 01:04:59.760054", 1135, 1, 0, 186, 29, 55, 3096, 157.03832052820536
"2021-03-29 01:05:01.852646", 1137, 1, 0, 191, 29, 50, 3101, 157.31015960866512
"2021-03-29 01:05:03.864936", 1139, 1, 0, 192, 30, 49, 3106, 157.57071516422067
"2021-03-29 01:05:05.957539", 1141, 1, 0, 183, 29, 57, 3112, 157.8563473481287
"2021-03-29 01:05:07.954014", 1143, 1, 0, 188, 30, 52, 3117, 158.1230140147954
"2021-03-29 01:05:10.062196", 1145, 1, 0, 188, 29, 53, 3123, 158.40002550904825
"2021-03-29 01:05:12.250517", 1147, 1, 0, 195, 27, 47, 3129, 158.68582797818405
"2021-03-29 01:05:14.358846", 1149, 1, 0, 193, 29, 49, 3134, 158.95479349542543
"2021-03-29 01:05:16.563048", 1151, 1, 0, 200, 28, 43, 3139, 159.22265063828257
"2021-03-29 01:05:18.655688", 1153, 1, 0, 196, 28, 47, 3145, 159.4964601620921
"2021-03-29 01:05:20.763771", 1156, 1, 0, 192, 29, 50, 3150, 159.76657510462084
"2021-03-29 01:05:22.856335", 1158, 1, 0, 193, 29, 49, 3156, 160.0361153345059
"2021-03-29 01:05:25.060425", 1160, 1, 0, 187, 28, 54, 3161, 160.32421057260115
"2021-03-29 01:05:27.153004", 1162, 1, 0, 187, 29, 53, 3167, 160.6017967794977
"2021-03-29 01:05:29.261331", 1164, 1, 0, 191, 28, 50, 3173, 160.8827491604501
"2021-03-29 01:05:31.449631", 1166, 1, 0, 198, 27, 45, 3178, 161.16299607403033
"2021-03-29 01:05:33.557833", 1168, 1, 0, 194, 29, 48, 3183, 161.43023745334068
"2021-03-29 01:05:35.666069", 1170, 1, 0, 190, 29, 51, 3189, 161.70380067173147
"2021-03-29 01:05:37.758500", 1173, 1, 0, 184, 29, 56, 3195, 161.9871340050648
"2021-03-29 01:05:39.755013", 1175, 1, 0, 185, 29, 55, 3200, 162.2687432004671
"2021-03-29 01:05:41.863288", 1177, 1, 0, 187, 29, 53, 3206, 162.54632940736366
"2021-03-29 01:05:43.955966", 1179, 1, 0, 185, 28, 55, 3211, 162.83799607403031
"2021-03-29 01:05:46.064171", 1181, 1, 0, 190, 29, 51, 3217, 163.11040986713377
"2021-03-29 01:05:48.156719", 1183, 1, 0, 187, 29, 53, 3222, 163.388570786674
"2021-03-29 01:05:50.153306", 1185, 1, 0, 186, 29, 55, 3228, 163.66903055678893
"2021-03-29 01:05:52.261561", 1187, 1, 0, 186, 29, 55, 3233, 163.95006503954755
"2021-03-29 01:05:54.258216", 1189, 1, 0, 183, 30, 57, 3239, 164.2256205951031
"2021-03-29 01:05:56.350692", 1191, 1, 0, 180, 30, 60, 3244, 164.50728726176976
"2021-03-29 01:05:58.458877", 1193, 1, 0, 185, 28, 55, 3250, 164.7983586903412
"2021-03-29 01:06:00.567056", 1195, 1, 0, 192, 28, 49, 3256, 165.07752535700786
"2021-03-29 01:06:02.548072", 1197, 1, 0, 180, 30, 60, 3261, 165.35808091256342
"2021-03-29 01:06:04.656197", 1199, 1, 0, 191, 28, 50, 3267, 165.64022376970627
"2021-03-29 01:06:06.860452", 1202, 1, 0, 193, 28, 49, 3272, 165.9187951982777
"2021-03-29 01:06:08.952837", 1204, 1, 0, 198, 28, 45, 3278, 166.19022376970628
"2021-03-29 01:06:11.061076", 1206, 1, 0, 197, 29, 45, 3283, 166.45229273522352
"2021-03-29 01:06:13.153673", 1208, 1, 0, 198, 28, 45, 3288, 166.7237213066521
"2021-03-29 01:06:15.357752", 1210, 1, 0, 195, 28, 47, 3294, 166.9987213066521
"2021-03-29 01:06:17.354273", 1212, 1, 0, 191, 29, 50, 3299, 167.2699856744682
"2021-03-29 01:06:19.558468", 1214, 1, 0, 200, 28, 44, 3305, 167.53843805542056
"2021-03-29 01:06:21.666688", 1216, 1, 0, 195, 29, 47, 3310, 167.80395529679987
"2021-03-29 01:06:23.855179", 1219, 1, 0, 210, 27, 38, 3315, 168.0687701116147
"2021-03-29 01:06:26.059041", 1221, 1, 0, 203, 28, 42, 3321, 168.33365106399566
"2021-03-29 01:06:28.151897", 1223, 1, 0, 201, 28, 43, 3326, 168.60031773066234
"2021-03-29 01:06:30.260036", 1225, 1, 0, 195, 29, 47, 3331, 168.86640968468532
"2021-03-29 01:06:32.368276", 1227, 1, 0, 191, 29, 50, 3337, 169.13824876514508
"2021-03-29 01:06:34.364778", 1229, 1, 0, 191, 29, 50, 3342, 169.41008784560483
"2021-03-29 01:06:36.553197", 1231, 1, 0, 199, 28, 45, 3347, 169.68032594084292
"2021-03-29 01:06:38.661414", 1233, 1, 0, 202, 28, 42, 3353, 169.94520689322388
"2021-03-29 01:06:40.658138", 1235, 1, 0, 188, 30, 52, 3358, 170.21187355989056
"2021-03-29 01:06:42.654608", 1237, 1, 0, 182, 31, 58, 3363, 170.48122839860025
"2021-03-29 01:06:44.651463", 1239, 1, 0, 190, 30, 51, 3369, 170.74511728748914
"2021-03-29 01:06:46.759286", 1242, 1, 0, 190, 29, 51, 3374, 171.01810579323626
"2021-03-29 01:06:48.852105", 1244, 1, 0, 190, 29, 51, 3379, 171.29109429898338
"2021-03-29 01:06:50.864322", 1246, 1, 0, 193, 29, 48, 3385, 171.5589103909374
"2021-03-29 01:06:52.956765", 1248, 1, 0, 194, 28, 48, 3390, 171.83510086712786
"2021-03-29 01:06:55.160902", 1250, 1, 0, 189, 29, 52, 3396, 172.1103882234497
"2021-03-29 01:06:57.253490", 1252, 1, 0, 200, 28, 44, 3401, 172.37824536630683
"2021-03-29 01:06:59.361548", 1254, 1, 0, 199, 28, 45, 3406, 172.6484834615449
"2021-03-29 01:07:01.358316", 1256, 1, 0, 179, 30, 61, 3412, 172.93126123932268
"2021-03-29 01:07:03.355075", 1258, 1, 0, 180, 30, 60, 3417, 173.21292790598935
"2021-03-29 01:07:05.351668", 1260, 1, 0, 180, 30, 60, 3423, 173.4934834615449
"2021-03-29 01:07:07.459720", 1262, 1, 0, 192, 29, 50, 3428, 173.76417311671733
"2021-03-29 01:07:09.648290", 1264, 1, 0, 208, 27, 39, 3434, 174.03207435128522
"2021-03-29 01:07:11.660448", 1266, 1, 0, 193, 30, 49, 3439, 174.2920743512852
"2021-03-29 01:07:13.753058", 1269, 1, 0, 179, 30, 61, 3445, 174.5759632401741
"2021-03-29 01:07:15.861143", 1271, 1, 0, 193, 28, 49, 3450, 174.85453466874554
"2021-03-29 01:07:17.953730", 1273, 1, 0, 194, 28, 48, 3455, 175.130725144936
"2021-03-29 01:07:20.046321", 1275, 1, 0, 203, 28, 42, 3461, 175.39560609731697
"2021-03-29 01:07:22.265858", 1277, 1, 0, 190, 28, 51, 3466, 175.6789394306503
"2021-03-29 01:07:24.454409", 1279, 1, 0, 189, 28, 52, 3472, 175.96346324017412
"2021-03-29 01:07:26.658773", 1281, 1, 0, 209, 27, 38, 3477, 176.2301299068408
"2021-03-29 01:07:28.766932", 1284, 1, 0, 202, 28, 43, 3483, 176.49620133541222
"2021-03-29 01:07:30.955433", 1286, 1, 0, 203, 28, 42, 3488, 176.7598918116027
"2021-03-29 01:07:33.063438", 1288, 1, 0, 195, 29, 47, 3493, 177.02598376562568
"2021-03-29 01:07:35.155931", 1290, 1, 0, 198, 29, 45, 3499, 177.28690330585556
"2021-03-29 01:07:37.056816", 1292, 1, 0, 180, 31, 60, 3504, 177.55840868219966
"2021-03-29 01:07:39.053381", 1294, 1, 0, 181, 30, 59, 3510, 177.8378531266441
"2021-03-29 01:07:41.050094", 1296, 1, 0, 180, 31, 60, 3515, 178.1104337718054
"2021-03-29 01:07:43.062244", 1298, 1, 0, 183, 30, 57, 3520, 178.3854337718054
"2021-03-29 01:07:45.154895", 1300, 1, 0, 191, 29, 51, 3526, 178.65784756490885
"2021-03-29 01:07:47.247413", 1302, 1, 0, 192, 29, 50, 3531, 178.92853722008127
"2021-03-29 01:07:49.355643", 1304, 1, 0, 192, 28, 49, 3537, 179.20770388674794
"2021-03-29 01:07:51.655713", 1306, 1, 0, 204, 26, 41, 3542, 179.49167824572228
"2021-03-29 01:07:53.748332", 1309, 1, 0, 198, 29, 45, 3548, 179.75317249859586
"2021-03-29 01:07:55.856489", 1311, 1, 0, 201, 28, 43, 3553, 180.02043440335777
"2021-03-29 01:07:57.948779", 1313, 1, 0, 189, 29, 52, 3558, 180.2962964723233
"2021-03-29 01:08:00.057193", 1315, 1, 0, 194, 29, 48, 3564, 180.56296313898997
"2021-03-29 01:08:02.149643", 1317, 1, 0, 193, 28, 49, 3569, 180.84093932946615
"2021-03-29 01:08:04.258073", 1319, 1, 0, 189, 29, 52, 3575, 181.1156519731443
"2021-03-29 01:08:06.350558", 1321, 1, 0, 192, 28, 49, 3580, 181.39481863981098
"2021-03-29 01:08:08.458627", 1323, 1, 0, 199, 29, 44, 3586, 181.65458875475352
"2021-03-29 01:08:10.551225", 1325, 1, 0, 204, 28, 41, 3591, 181.91768399284877
"2021-03-29 01:08:12.659471", 1327, 1, 0, 190, 30, 51, 3596, 182.18157288173765
"2021-03-29 01:08:14.751920", 1330, 1, 0, 203, 28, 42, 3601, 182.4464538341186
"2021-03-29 01:08:16.860158", 1332, 1, 0, 194, 28, 48, 3607, 182.72323954840434
"2021-03-29 01:08:18.952689", 1334, 1, 0, 195, 29, 47, 3612, 182.98875678978365
"2021-03-29 01:08:21.060948", 1336, 1, 0, 196, 29, 46, 3617, 183.25254989323193
"2021-03-29 01:08:23.153498", 1338, 1, 0, 199, 28, 44, 3623, 183.52159751227956
"2021-03-29 01:08:25.357607", 1340, 1, 0, 197, 28, 46, 3628, 183.79481179799384
"2021-03-29 01:08:27.354197", 1342, 1, 0, 193, 29, 49, 3633, 184.06377731523523
"2021-03-29 01:08:29.462214", 1344, 1, 0, 196, 29, 47, 3639, 184.32871984397087
"2021-03-29 01:08:31.459022", 1346, 1, 0, 183, 31, 57, 3644, 184.59538651063755
"2021-03-29 01:08:33.455626", 1348, 1, 0, 191, 29, 50, 3650, 184.86665087845364
"2021-03-29 01:08:35.548255", 1350, 1, 0, 190, 29, 51, 3655, 185.14078880948813
"2021-03-29 01:08:37.752322", 1353, 1, 0, 195, 28, 47, 3660, 185.41638404758336
"2021-03-29 01:08:39.748989", 1355, 1, 0, 183, 30, 57, 3666, 185.69305071425003
"2021-03-29 01:08:41.857172", 1357, 1, 0, 190, 29, 51, 3671, 185.96603921999716
"2021-03-29 01:08:43.949748", 1359, 1, 0, 191, 29, 50, 3677, 186.2378783004569
"2021-03-29 01:08:45.946401", 1361, 1, 0, 192, 29, 49, 3682, 186.50799324298566
"2021-03-29 01:08:48.054663", 1363, 1, 0, 192, 29, 49, 3688, 186.77753347287072
"2021-03-29 01:08:50.051024", 1365, 1, 0, 186, 30, 55, 3693, 187.04864458398183
"2021-03-29 01:08:52.159404", 1367, 1, 0, 179, 29, 61, 3699, 187.341173319614
"2021-03-29 01:08:54.251855", 1369, 1, 0, 187, 30, 54, 3704, 187.61061776405845
"2021-03-29 01:08:56.248392", 1371, 1, 0, 186, 29, 54, 3710, 187.8905028215297
"2021-03-29 01:08:58.356515", 1373, 1, 0, 181, 28, 59, 3715, 188.18931234533923
"2021-03-29 01:09:00.449194", 1375, 1, 0, 194, 29, 48, 3721, 188.4559790120059
"2021-03-29 01:09:02.445930", 1377, 1, 0, 179, 30, 61, 3726, 188.7398679008948
"2021-03-29 01:09:04.554127", 1379, 1, 0, 176, 30, 64, 3732, 189.0287567897837
"2021-03-29 01:09:06.550777", 1381, 1, 0, 178, 29, 62, 3738, 189.3230096633469
"2021-03-29 01:09:08.658972", 1383, 1, 0, 177, 29, 63, 3744, 189.6207108127722
"2021-03-29 01:09:10.847342", 1386, 1, 0, 190, 28, 51, 3750, 189.9034489080103
"2021-03-29 01:09:12.859559", 1388, 1, 0, 184, 30, 57, 3755, 190.1784489080103
"2021-03-29 01:09:15.159738", 1390, 1, 0, 204, 27, 41, 3761, 190.4506711302325
"2021-03-29 01:09:17.252299", 1392, 1, 0, 194, 28, 48, 3766, 190.72805208261346
"2021-03-29 01:09:19.360439", 1394, 1, 0, 199, 28, 45, 3771, 190.99829017785154
"2021-03-29 01:09:21.357078", 1396, 1, 0, 191, 30, 50, 3776, 191.26106795562933
"2021-03-29 01:09:23.449326", 1398, 1, 0, 186, 29, 55, 3782, 191.54152772574426
"2021-03-29 01:09:25.557665", 1400, 1, 0, 186, 29, 54, 3788, 191.82141278321552
"2021-03-29 01:09:27.554272", 1402, 1, 0, 191, 29, 50, 3793, 192.0926771510316
"2021-03-29 01:09:29.662443", 1404, 1, 0, 181, 30, 59, 3799, 192.37212159547605
"2021-03-29 01:09:31.659097", 1406, 1, 0, 188, 29, 52, 3804, 192.64798366444157
"2021-03-29 01:09:33.751618", 1409, 1, 0, 180, 29, 60, 3810, 192.9387882621427
"2021-03-29 01:09:35.859937", 1411, 1, 0, 180, 28, 60, 3816, 193.23997873833318
"2021-03-29 01:09:37.856501", 1413, 1, 0, 176, 30, 65, 3821, 193.52997873833317
"2021-03-29 01:09:39.853110", 1415, 1, 0, 170, 31, 71, 3827, 193.82245185661273
"2021-03-29 01:09:41.961387", 1417, 1, 0, 181, 29, 59, 3833, 194.11153231638284
"2021-03-29 01:09:44.053715", 1419, 1, 0, 179, 28, 61, 3839, 194.4156989830495
"2021-03-29 01:09:46.050519", 1421, 1, 0, 176, 30, 64, 3844, 194.70514342749397
"2021-03-29 01:09:48.062813", 1423, 1, 0, 175, 30, 65, 3850, 194.99681009416062
"2021-03-29 01:09:50.043765", 1425, 1, 0, 169, 29, 73, 3856, 195.31290204818362
"2021-03-29 01:09:52.056017", 1427, 1, 0, 172, 31, 68, 3862, 195.60053645678576
"2021-03-29 01:09:54.260260", 1429, 1, 0, 183, 28, 58, 3868, 195.89696502821434
"2021-03-29 01:09:56.352821", 1431, 1, 0, 188, 29, 53, 3873, 196.1739765224672
"2021-03-29 01:09:58.349412", 1433, 1, 0, 186, 29, 55, 3879, 196.45501100522583
"2021-03-29 01:10:00.457604", 1435, 1, 0, 187, 29, 53, 3884, 196.73259721212239
"2021-03-29 01:10:02.454227", 1437, 1, 0, 188, 30, 52, 3890, 196.99926387878907
"2021-03-29 01:10:04.562416", 1439, 1, 0, 184, 29, 56, 3895, 197.28317192476607
"2021-03-29 01:10:06.558747", 1441, 1, 0, 180, 30, 60, 3901, 197.56428303587717
"2021-03-29 01:10:08.555608", 1443, 1, 0, 179, 29, 61, 3906, 197.85681177150934
"2021-03-29 01:10:10.648304", 1445, 1, 0, 179, 30, 61, 3912, 198.14070066039824
"2021-03-29 01:10:12.756479", 1448, 1, 0, 184, 28, 56, 3918, 198.4341530413506
"2021-03-29 01:10:14.657052", 1449, 1, 0, 174, 31, 66, 3923, 198.71802400909255
"2021-03-29 01:10:16.749676", 1452, 1, 0, 183, 28, 57, 3929, 199.01326210433064
"2021-03-29 01:10:18.857984", 1454, 1, 0, 172, 29, 69, 3935, 199.32188279398582
"2021-03-29 01:10:20.950408", 1456, 1, 0, 181, 29, 59, 3941, 199.61096325375593
"2021-03-29 01:10:23.154690", 1458, 1, 0, 181, 28, 59, 3947, 199.90977277756545
"2021-03-29 01:10:25.151375", 1460, 1, 0, 177, 31, 63, 3952, 200.18826740122137
"2021-03-29 01:10:27.147789", 1462, 1, 0, 177, 29, 64, 3958, 200.48654326329034
"2021-03-29 01:10:29.255824", 1464, 1, 0, 183, 28, 57, 3964, 200.78237659662366
"2021-03-29 01:10:31.348549", 1466, 1, 0, 175, 29, 65, 3970, 201.0841007345547
"2021-03-29 01:10:33.345252", 1468, 1, 0, 183, 30, 57, 3975, 201.35910073455472
"2021-03-29 01:10:35.453379", 1470, 1, 0, 186, 29, 54, 3981, 201.63898579202598
"2021-03-29 01:10:37.561494", 1472, 1, 0, 187, 29, 54, 3987, 201.91772142420987
"2021-03-29 01:10:39.558135", 1474, 1, 0, 194, 29, 48, 3992, 202.18496280352022
"2021-03-29 01:10:41.650895", 1476, 1, 0, 190, 30, 51, 3997, 202.4488516924091
"2021-03-29 01:10:43.663098", 1478, 1, 0, 170, 30, 72, 4003, 202.75274058129799
"2021-03-29 01:10:45.659819", 1480, 1, 0, 176, 30, 64, 4009, 203.04218502574244
"2021-03-29 01:10:47.752251", 1483, 1, 0, 171, 30, 71, 4015, 203.34385169240912
"2021-03-29 01:10:49.748931", 1485, 1, 0, 170, 29, 71, 4021, 203.65592065792637
"2021-03-29 01:10:51.649673", 1486, 1, 0, 163, 32, 81, 4027, 203.95696232459304
"2021-03-29 01:10:53.742187", 1489, 1, 0, 170, 28, 71, 4033, 204.2801766103073
"2021-03-29 01:10:55.850369", 1491, 1, 0, 181, 29, 59, 4038, 204.5698317827211
"2021-03-29 01:10:57.958495", 1493, 1, 0, 177, 29, 64, 4044, 204.8681076447901
"2021-03-29 01:10:59.955207", 1495, 1, 0, 179, 30, 61, 4050, 205.15144097812342
"2021-03-29 01:11:01.951804", 1497, 1, 0, 178, 29, 62, 4056, 205.44741798961766
"2021-03-29 01:11:03.948351", 1499, 1, 0, 177, 30, 63, 4061, 205.73519576739545
"2021-03-29 01:11:06.056582", 1501, 1, 0, 180, 29, 60, 4067, 206.0265750777403
"2021-03-29 01:11:08.053236", 1503, 1, 0, 178, 30, 62, 4073, 206.3126861888514
"2021-03-29 01:11:10.161491", 1505, 1, 0, 186, 29, 54, 4078, 206.59314595896632
"2021-03-29 01:11:12.254076", 1507, 1, 0, 189, 29, 52, 4084, 206.86843331528814
"2021-03-29 01:11:14.346337", 1509, 1, 0, 187, 29, 53, 4089, 207.1460195221847
"2021-03-29 01:11:16.343200", 1511, 1, 0, 186, 29, 54, 4095, 207.42590457965596
"2021-03-29 01:11:18.451380", 1513, 1, 0, 187, 29, 54, 4100, 207.70521492448356
"2021-03-29 01:11:20.543958", 1515, 1, 0, 191, 29, 50, 4106, 207.9770540049433
"2021-03-29 01:11:22.748145", 1518, 1, 0, 194, 27, 48, 4111, 208.26347375802973
"2021-03-29 01:11:24.856208", 1520, 1, 0, 187, 28, 54, 4117, 208.55275947231544
"2021-03-29 01:11:26.948765", 1522, 1, 0, 189, 29, 52, 4123, 208.8274721159936
"2021-03-29 01:11:29.056929", 1524, 1, 0, 190, 29, 51, 4128, 209.1016100470281
"2021-03-29 01:11:31.245382", 1526, 1, 0, 204, 28, 41, 4133, 209.36470528512334
"2021-03-29 01:11:33.241907", 1528, 1, 0, 182, 29, 58, 4139, 209.6520616069624
"2021-03-29 01:11:35.350365", 1530, 1, 0, 181, 30, 59, 4145, 209.9309504958513
"2021-03-29 01:11:37.442558", 1532, 1, 0, 189, 27, 52, 4150, 210.22539494029576
"2021-03-29 01:11:39.551211", 1534, 1, 0, 185, 29, 55, 4156, 210.50642942305439
"2021-03-29 01:11:41.659202", 1536, 1, 0, 184, 30, 56, 4161, 210.78087386749883
"2021-03-29 01:11:43.751677", 1539, 1, 0, 185, 28, 55, 4167, 211.07254053416548
"2021-03-29 01:11:45.860138", 1541, 1, 0, 187, 29, 53, 4173, 211.3507014537057
"2021-03-29 01:11:47.744962", 1543, 1, 0, 174, 31, 67, 4178, 211.63564769026485
"2021-03-29 01:11:49.949298", 1545, 1, 0, 177, 28, 63, 4184, 211.9427905474077
"2021-03-29 01:11:51.946000", 1547, 1, 0, 177, 29, 63, 4190, 212.23934227154564
"2021-03-29 01:11:53.942482", 1549, 1, 0, 176, 30, 64, 4196, 212.5287867159901
"2021-03-29 01:11:55.939143", 1551, 1, 0, 174, 30, 67, 4201, 212.82323116043455
"2021-03-29 01:11:57.951355", 1553, 1, 0, 175, 30, 65, 4207, 213.1137867159901
"2021-03-29 01:12:00.043948", 1555, 1, 0, 175, 29, 66, 4213, 213.41608556656482
"2021-03-29 01:12:02.248116", 1557, 1, 0, 177, 28, 63, 4219, 213.72382366180292
"2021-03-29 01:12:04.260496", 1559, 1, 0, 178, 29, 62, 4225, 214.0192259606535
"2021-03-29 01:12:06.241479", 1561, 1, 0, 182, 30, 58, 4230, 214.29755929398684
"2021-03-29 01:12:08.349597", 1563, 1, 0, 189, 29, 52, 4236, 214.57284665030866
"2021-03-29 01:12:10.745453", 1566, 1, 0, 194, 25, 48, 4242, 214.88351331697532
"2021-03-29 01:12:12.853735", 1568, 1, 0, 196, 28, 47, 4247, 215.15791807888007
"2021-03-29 01:12:15.057917", 1570, 1, 0, 191, 28, 50, 4253, 215.4394656979277
"2021-03-29 01:12:17.150442", 1572, 1, 0, 193, 29, 49, 4258, 215.70843121516907
"2021-03-29 01:12:19.147042", 1574, 1, 0, 193, 29, 49, 4264, 215.97739673241045
"2021-03-29 01:12:21.351348", 1576, 1, 0, 197, 27, 46, 4269, 216.25949549784255
"2021-03-29 01:12:23.555102", 1578, 1, 0, 197, 28, 46, 4275, 216.5321145454616
"2021-03-29 01:12:25.647944", 1580, 1, 0, 196, 28, 47, 4280, 216.80651930736636
"2021-03-29 01:12:27.852007", 1583, 1, 0, 203, 28, 42, 4286, 217.07080502165206
"2021-03-29 01:12:30.056156", 1585, 1, 0, 200, 28, 44, 4291, 217.33925740260443
"2021-03-29 01:12:32.148760", 1587, 1, 0, 202, 28, 43, 4296, 217.60532883117585
"2021-03-29 01:12:34.256881", 1589, 1, 0, 196, 29, 46, 4302, 217.8696966472678
"2021-03-29 01:12:36.445278", 1591, 1, 0, 200, 28, 44, 4307, 218.13755379012494
"2021-03-29 01:12:38.553645", 1593, 1, 0, 197, 29, 46, 4312, 218.40019746828585
"2021-03-29 01:12:40.549992", 1595, 1, 0, 190, 29, 51, 4318, 218.67433539932034
"2021-03-29 01:12:42.658341", 1597, 1, 0, 193, 29, 49, 4323, 218.94330091656172
"2021-03-29 01:12:44.846849", 1600, 1, 0, 200, 28, 44, 4328, 219.2117532975141
"2021-03-29 01:12:47.050777", 1602, 1, 0, 199, 28, 44, 4334, 219.48139615465695
"2021-03-29 01:12:49.143427", 1604, 1, 0, 189, 29, 52, 4339, 219.75725822362247
"2021-03-29 01:12:51.251400", 1606, 1, 0, 203, 28, 42, 4345, 220.02213917600344
"2021-03-29 01:12:53.439810", 1608, 1, 0, 200, 28, 44, 4350, 220.2905915569558
"2021-03-29 01:12:55.644177", 1610, 1, 0, 195, 27, 47, 4356, 220.5763940260916
"2021-03-29 01:12:57.752377", 1613, 1, 0, 198, 28, 45, 4361, 220.84722735942495
"2021-03-29 01:12:59.860689", 1615, 1, 0, 196, 29, 47, 4366, 221.1115951755169
"2021-03-29 01:13:01.857263", 1617, 1, 0, 179, 30, 61, 4372, 221.39381739773913
"2021-03-29 01:13:03.949776", 1619, 1, 0, 183, 29, 57, 4378, 221.68002429429086
"2021-03-29 01:13:06.058040", 1621, 1, 0, 181, 29, 59, 4383, 221.96910475406096
"2021-03-29 01:13:08.054568", 1623, 1, 0, 186, 29, 54, 4389, 222.24841509888856
"2021-03-29 01:13:10.147079", 1625, 1, 0, 195, 28, 47, 4394, 222.52341509888856
"2021-03-29 01:13:12.255296", 1627, 1, 0, 194, 30, 48, 4400, 222.7817484322219
"2021-03-29 01:13:14.251794", 1629, 1, 0, 176, 31, 64, 4405, 223.0618559591036
"2021-03-29 01:13:16.344619", 1631, 1, 0, 190, 29, 51, 4411, 223.33426975220706
"2021-03-29 01:13:18.452452", 1633, 1, 0, 196, 28, 47, 4416, 223.6086745141118
"2021-03-29 01:13:20.449243", 1635, 1, 0, 186, 30, 54, 4422, 223.87923006966736
"2021-03-29 01:13:22.653439", 1637, 1, 0, 202, 27, 43, 4427, 224.15515599559328
"2021-03-29 01:13:24.650065", 1639, 1, 0, 191, 30, 50, 4432, 224.4173782178155
"2021-03-29 01:13:26.758223", 1642, 1, 0, 191, 30, 51, 4438, 224.68071155114882
"2021-03-29 01:13:28.754820", 1644, 1, 0, 184, 30, 56, 4443, 224.9546004400377
"2021-03-29 01:13:30.847605", 1646, 1, 0, 187, 29, 53, 4449, 225.23218664693425
"2021-03-29 01:13:32.955630", 1648, 1, 0, 194, 28, 48, 4454, 225.50837712312472
"2021-03-29 01:13:34.952216", 1650, 1, 0, 186, 30, 55, 4459, 225.77948823423583
"2021-03-29 01:13:37.044939", 1652, 1, 0, 194, 28, 48, 4465, 226.05627394852155
"2021-03-29 01:13:39.153077", 1654, 1, 0, 192, 29, 50, 4470, 226.32753831633764
"2021-03-29 01:13:41.245383", 1656, 1, 0, 196, 29, 47, 4476, 226.59248084507328
"2021-03-29 01:13:43.353735", 1658, 1, 0, 186, 29, 54, 4481, 226.87179118990088
"2021-03-29 01:13:45.350399", 1660, 1, 0, 181, 30, 59, 4487, 227.1501245232342
"2021-03-29 01:13:47.442869", 1662, 1, 0, 186, 29, 54, 4492, 227.4294348680618
"2021-03-29 01:13:49.551157", 1664, 1, 0, 191, 29, 50, 4498, 227.70127394852156
"2021-03-29 01:13:51.547846", 1666, 1, 0, 182, 30, 58, 4503, 227.97905172629933
"2021-03-29 01:13:53.544438", 1668, 1, 0, 177, 30, 63, 4509, 228.26627394852156
"2021-03-29 01:13:55.652724", 1670, 1, 0, 189, 29, 52, 4514, 228.54213601748708
"2021-03-29 01:13:57.649267", 1672, 1, 0, 176, 30, 65, 4520, 228.83213601748707
"2021-03-29 01:13:59.741738", 1675, 1, 0, 183, 30, 57, 4526, 229.10880268415374
"2021-03-29 01:14:01.753985", 1677, 1, 0, 185, 30, 56, 4531, 229.38158046193152
"2021-03-29 01:14:03.846568", 1679, 1, 0, 183, 29, 57, 4537, 229.66721264583956
"2021-03-29 01:14:06.050727", 1681, 1, 0, 179, 27, 61, 4543, 229.98264474460498
"2021-03-29 01:14:10.554780", 1685, 1, 0, 206, 13, 40, 4550, 230.54418320614346
"2021-03-29 01:14:12.551549", 1687, 1, 0, 182, 30, 58, 4558, 230.8225165394768
"2021-03-29 01:14:14.644134", 1689, 1, 0, 198, 29, 45, 4564, 231.08343607970667
"2021-03-29 01:14:16.656382", 1691, 1, 0, 187, 30, 54, 4569, 231.35288052415112
"2021-03-29 01:14:18.844930", 1694, 1, 0, 208, 27, 39, 4574, 231.62016447476842
"2021-03-29 01:14:20.952961", 1696, 1, 0, 189, 30, 51, 4580, 231.8851644747684
"2021-03-29 01:14:22.853729", 1698, 1, 0, 182, 31, 58, 4585, 232.15290641025229
"2021-03-29 01:14:24.850286", 1700, 1, 0, 189, 30, 52, 4590, 232.41846196580784
"2021-03-29 01:14:26.942536", 1702, 1, 0, 188, 29, 52, 4596, 232.69489874741703
"2021-03-29 01:14:29.051037", 1704, 1, 0, 186, 29, 55, 4602, 232.97535851753196
"2021-03-29 01:14:31.047699", 1706, 1, 0, 183, 30, 57, 4607, 233.25146962864306
"2021-03-29 01:14:33.044436", 1708, 1, 0, 182, 30, 59, 4613, 233.5298029619764
"2021-03-29 01:14:35.056522", 1710, 1, 0, 181, 30, 59, 4618, 233.81035851753197
"2021-03-29 01:14:37.053042", 1712, 1, 0, 186, 29, 55, 4623, 234.0908182876469
"2021-03-29 01:14:39.241685", 1714, 1, 0, 193, 28, 49, 4629, 234.36938971621834
"2021-03-29 01:14:41.349918", 1716, 1, 0, 189, 28, 51, 4635, 234.6533182876469
"2021-03-29 01:14:43.553948", 1718, 1, 0, 195, 28, 47, 4640, 234.92772304955164
"2021-03-29 01:14:45.646465", 1720, 1, 0, 200, 29, 44, 4646, 235.1869184518505
"2021-03-29 01:14:47.754627", 1723, 1, 0, 198, 29, 45, 4651, 235.44783799208037
"2021-03-29 01:14:49.847418", 1725, 1, 0, 193, 29, 49, 4656, 235.71622879667808
"2021-03-29 01:14:51.859564", 1727, 1, 0, 189, 30, 51, 4662, 235.98122879667807
"2021-03-29 01:14:53.951724", 1729, 1, 0, 183, 29, 57, 4667, 236.26571155529876
"2021-03-29 01:14:56.060321", 1731, 1, 0, 193, 28, 49, 4673, 236.5442829838702
"2021-03-29 01:14:58.056803", 1733, 1, 0, 176, 30, 64, 4678, 236.83261631720353
"2021-03-29 01:15:00.149460", 1735, 1, 0, 181, 28, 59, 4684, 237.13202107910828
"2021-03-29 01:15:02.353518", 1737, 1, 0, 199, 27, 45, 4690, 237.41226799268853
"2021-03-29 01:15:04.350194", 1739, 1, 0, 193, 30, 48, 4695, 237.67115688157742
"2021-03-29 01:15:06.346743", 1741, 1, 0, 174, 31, 66, 4700, 237.95502784931935
"2021-03-29 01:15:08.343414", 1743, 1, 0, 187, 29, 54, 4706, 238.23376348150325
"2021-03-29 01:15:10.451551", 1745, 1, 0, 185, 29, 55, 4711, 238.51479796426187
"2021-03-29 01:15:12.544147", 1747, 1, 0, 188, 29, 53, 4717, 238.79180945851473
"2021-03-29 01:15:14.748246", 1750, 1, 0, 195, 28, 48, 4723, 239.0679999347052
"2021-03-29 01:15:16.744940", 1752, 1, 0, 194, 29, 48, 4728, 239.33524131401555
"2021-03-29 01:15:18.853030", 1754, 1, 0, 193, 29, 49, 4733, 239.60363211861326
"2021-03-29 01:15:21.057180", 1756, 1, 0, 199, 27, 44, 4739, 239.88264446429227
"2021-03-29 01:15:23.149821", 1758, 1, 0, 196, 29, 46, 4744, 240.14701228038422
"2021-03-29 01:15:25.242275", 1760, 1, 0, 200, 28, 44, 4749, 240.41605989943184
"2021-03-29 01:15:27.446265", 1762, 1, 0, 199, 28, 44, 4755, 240.68510751847947
"2021-03-29 01:15:29.554488", 1764, 1, 0, 201, 28, 43, 4760, 240.95177418514615
"2021-03-29 01:15:31.551167", 1766, 1, 0, 183, 29, 57, 4765, 241.23740636905418
"2021-03-29 01:15:33.643658", 1768, 1, 0, 188, 29, 53, 4771, 241.51384315066338
"2021-03-29 01:15:35.752045", 1771, 1, 0, 184, 30, 56, 4777, 241.78773203955225
"2021-03-29 01:15:37.844653", 1773, 1, 0, 189, 28, 52, 4782, 242.07344632526653
"2021-03-29 01:15:39.856853", 1775, 1, 0, 185, 30, 55, 4788, 242.34566854748874
"2021-03-29 01:15:41.949253", 1777, 1, 0, 187, 29, 54, 4793, 242.62497889231634
"2021-03-29 01:15:44.153575", 1779, 1, 0, 200, 27, 44, 4799, 242.9027566700941
"2021-03-29 01:15:46.246005", 1781, 1, 0, 191, 30, 50, 4804, 243.16609000342743
"2021-03-29 01:15:48.353950", 1783, 1, 0, 195, 29, 47, 4809, 243.43160724480674
"2021-03-29 01:15:50.446737", 1785, 1, 0, 206, 28, 40, 4815, 243.692321530521
"2021-03-29 01:15:52.554963", 1787, 1, 0, 199, 29, 45, 4820, 243.9532410707509
"2021-03-29 01:15:54.647491", 1789, 1, 0, 192, 28, 49, 4825, 244.23240773741756
"2021-03-29 01:15:56.740139", 1792, 1, 0, 195, 29, 47, 4831, 244.49792497879687
"2021-03-29 01:15:58.944285", 1794, 1, 0, 199, 28, 44, 4836, 244.7669725978445
"2021-03-29 01:16:01.052119", 1796, 1, 0, 196, 28, 47, 4841, 245.04137735974925
"2021-03-29 01:16:03.144984", 1798, 1, 0, 198, 29, 45, 4847, 245.30229689997913
"2021-03-29 01:16:05.141645", 1800, 1, 0, 191, 30, 50, 4852, 245.56451912220135
"2021-03-29 01:16:07.345771", 1802, 1, 0, 191, 28, 51, 4858, 245.8466619793442
"2021-03-29 01:16:09.246435", 1804, 1, 0, 181, 30, 59, 4863, 246.1255508682331
"2021-03-29 01:16:11.450508", 1806, 1, 0, 187, 28, 53, 4869, 246.41305086823309
"2021-03-29 01:16:13.447199", 1808, 1, 0, 184, 30, 56, 4874, 246.68638420156643
"2021-03-29 01:16:15.539725", 1810, 1, 0, 181, 29, 59, 4880, 246.97546466133653
"2021-03-29 01:16:17.648000", 1812, 1, 0, 196, 28, 47, 4885, 247.24986942324128
"2021-03-29 01:16:19.740532", 1815, 1, 0, 197, 28, 46, 4891, 247.52248847086034
"2021-03-29 01:16:21.944742", 1817, 1, 0, 192, 28, 49, 4896, 247.80225037562224
"2021-03-29 01:16:24.052815", 1819, 1, 0, 194, 28, 48, 4902, 248.07903608990796
"2021-03-29 01:16:26.049462", 1821, 1, 0, 195, 30, 47, 4907, 248.33570275657462
"2021-03-29 01:16:28.046028", 1823, 1, 0, 182, 30, 58, 4912, 248.6134805343524
"2021-03-29 01:16:30.154222", 1825, 1, 0, 183, 29, 57, 4918, 248.89911271826043
"2021-03-29 01:16:32.246795", 1827, 1, 0, 185, 29, 55, 4924, 249.18072191366272
"2021-03-29 01:16:34.339438", 1829, 1, 0, 193, 29, 49, 4929, 249.4496874309041
"2021-03-29 01:16:36.351645", 1831, 1, 0, 197, 29, 46, 4934, 249.71233110906502
"2021-03-29 01:16:38.444140", 1833, 1, 0, 185, 30, 55, 4940, 249.9839977757317
"2021-03-29 01:16:40.552306", 1835, 1, 0, 191, 29, 50, 4945, 250.25583685619145
"2021-03-29 01:16:42.644976", 1837, 1, 0, 196, 28, 46, 4951, 250.52905114190574
"2021-03-29 01:16:44.641628", 1839, 1, 0, 191, 30, 51, 4956, 250.79238447523906
"2021-03-29 01:16:46.749677", 1842, 1, 0, 186, 30, 54, 4961, 251.06238447523907
"2021-03-29 01:16:48.746270", 1844, 1, 0, 176, 30, 64, 4967, 251.35238447523906
"2021-03-29 01:16:50.742876", 1846, 1, 0, 185, 30, 55, 4973, 251.62516225301684
"2021-03-29 01:16:52.947091", 1848, 1, 0, 182, 29, 58, 4978, 251.91136914956857
"2021-03-29 01:16:54.943731", 1850, 1, 0, 184, 29, 56, 4984, 252.19412777025823
"2021-03-29 01:16:56.940409", 1852, 1, 0, 187, 29, 54, 4989, 252.47343811508583
"2021-03-29 01:16:59.144706", 1854, 1, 0, 180, 28, 60, 4995, 252.77522382937155
"2021-03-29 01:17:01.236904", 1856, 1, 0, 178, 28, 62, 5001, 253.08117621032395
"2021-03-29 01:17:03.552755", 1858, 1, 0, 192, 27, 49, 5007, 253.37129966711407
"2021-03-29 01:17:05.549318", 1860, 1, 0, 177, 29, 63, 5013, 253.66842610389568
"2021-03-29 01:17:10.436996", 1865, 1, 0, 185, 0, 55, 5019, 253.66842610389568
